ISO-10303-21;
HEADER;
/* Generated by software containing ST-Developer
 * from STEP Tools, Inc. (www.steptools.com) 
 */

FILE_DESCRIPTION(
/* description */ ('KiCad electronic assembly'),
/* implementation_level */ '2;1');

FILE_NAME(
/* name */ 'AirCube_top-8-31-26.step',
/* time_stamp */ '2026-08-31T13:58:18-05:00',
/* author */ (''),
/* organization */ (''),
/* preprocessor_version */ 'ST-DEVELOPER v20.1',
/* originating_system */ 'Autodesk Translation Framework v15.8.0.0',
/* authorisation */ '');

FILE_SCHEMA (('AUTOMOTIVE_DESIGN { 1 0 10303 214 3 1 1 }'));
ENDSEC;

DATA;
#10=MECHANICAL_DESIGN_GEOMETRIC_PRESENTATION_REPRESENTATION('',(#17),#2832);
#11=ITEM_DEFINED_TRANSFORMATION($,$,#1680,#1844);
#12=(
REPRESENTATION_RELATIONSHIP($,$,#2843,#2842)
REPRESENTATION_RELATIONSHIP_WITH_TRANSFORMATION(#11)
SHAPE_REPRESENTATION_RELATIONSHIP()
);
#13=CONTEXT_DEPENDENT_SHAPE_REPRESENTATION(#12,#2841);
#14=NEXT_ASSEMBLY_USAGE_OCCURRENCE('top diffuser 20mm - prod:1',
'top diffuser 20mm - prod:1','top diffuser 20mm - prod:1',#2845,#2846,
'top diffuser 20mm - prod:1');
#15=SHAPE_REPRESENTATION_RELATIONSHIP('SRR','None',#2843,#16);
#16=ADVANCED_BREP_SHAPE_REPRESENTATION('',(#18),#2831);
#17=STYLED_ITEM('',(#2856),#18);
#18=MANIFOLD_SOLID_BREP('Body4',#1666);
#19=TOROIDAL_SURFACE('',#1796,3.33389596051516,1.);
#20=TOROIDAL_SURFACE('',#1802,3.33389596051518,1.);
#21=TOROIDAL_SURFACE('',#1808,3.33389596051521,1.);
#22=TOROIDAL_SURFACE('',#1814,3.33389596051519,1.);
#23=CONICAL_SURFACE('',#1769,3.94970471673561,0.741764932097588);
#24=CONICAL_SURFACE('',#1773,3.94970471673563,0.741764932097589);
#25=CONICAL_SURFACE('',#1777,3.94970471673566,0.741764932097589);
#26=CONICAL_SURFACE('',#1781,3.94970471673562,0.741764932097595);
#27=CONICAL_SURFACE('',#1784,5.00000042591001,0.0872664625997165);
#28=CONICAL_SURFACE('',#1787,5.00000042590999,0.0872664625997165);
#29=CONICAL_SURFACE('',#1817,6.00000042591001,0.0872664625997165);
#30=CONICAL_SURFACE('',#1819,6.00000042590999,0.0872664625997165);
#31=CONICAL_SURFACE('',#1826,5.00000042591004,0.0872664625997165);
#32=CONICAL_SURFACE('',#1828,5.00000042591001,0.0872664625997165);
#33=CONICAL_SURFACE('',#1829,6.00000042591001,0.0872664625997165);
#34=CONICAL_SURFACE('',#1831,6.00000042591004,0.0872664625997165);
#35=ELLIPSE('',#1723,0.610387294380726,0.499999999999998);
#36=ELLIPSE('',#1728,0.610387294380726,0.499999999999998);
#37=ELLIPSE('',#1731,0.610387294380728,0.5);
#38=ELLIPSE('',#1734,0.610387294380728,0.5);
#39=ELLIPSE('',#1736,0.610387294380728,0.5);
#40=ELLIPSE('',#1738,0.610387294380728,0.5);
#41=ELLIPSE('',#1744,2.13635553033255,1.75);
#42=ELLIPSE('',#1750,1.0071390357282,0.824999999999996);
#43=ELLIPSE('',#1754,3.66232428622454,3.00000042591006);
#44=ELLIPSE('',#1755,2.13635553033255,1.75);
#45=ELLIPSE('',#1756,1.0071390357282,0.824999999999996);
#46=ELLIPSE('',#1838,2.13635553033255,1.75);
#47=ELLIPSE('',#1839,1.0071390357282,0.824999999999996);
#48=CYLINDRICAL_SURFACE('',#1696,2.);
#49=CYLINDRICAL_SURFACE('',#1704,3.00000042591);
#50=CYLINDRICAL_SURFACE('',#1721,0.499999999999998);
#51=CYLINDRICAL_SURFACE('',#1727,0.499999999999998);
#52=CYLINDRICAL_SURFACE('',#1730,0.5);
#53=CYLINDRICAL_SURFACE('',#1733,0.5);
#54=CYLINDRICAL_SURFACE('',#1735,0.5);
#55=CYLINDRICAL_SURFACE('',#1737,0.5);
#56=CYLINDRICAL_SURFACE('',#1740,3.00000042591002);
#57=CYLINDRICAL_SURFACE('',#1743,1.75);
#58=CYLINDRICAL_SURFACE('',#1748,2.68);
#59=CYLINDRICAL_SURFACE('',#1751,0.824999999999996);
#60=CYLINDRICAL_SURFACE('',#1757,0.824999999999996);
#61=CYLINDRICAL_SURFACE('',#1759,1.75);
#62=CYLINDRICAL_SURFACE('',#1764,2.68);
#63=CYLINDRICAL_SURFACE('',#1793,1.);
#64=CYLINDRICAL_SURFACE('',#1800,1.);
#65=CYLINDRICAL_SURFACE('',#1806,1.);
#66=CYLINDRICAL_SURFACE('',#1812,1.);
#67=CYLINDRICAL_SURFACE('',#1833,3.00000042591001);
#68=CYLINDRICAL_SURFACE('',#1834,3.00000042591006);
#69=CYLINDRICAL_SURFACE('',#1835,4.00000042591004);
#70=CYLINDRICAL_SURFACE('',#1836,4.00000042591001);
#71=CYLINDRICAL_SURFACE('',#1841,0.824999999999996);
#72=CYLINDRICAL_SURFACE('',#1843,1.75);
#73=FACE_BOUND('',#238,.T.);
#74=FACE_BOUND('',#247,.T.);
#75=FACE_BOUND('',#249,.T.);
#76=FACE_BOUND('',#268,.T.);
#77=FACE_BOUND('',#272,.T.);
#78=FACE_BOUND('',#276,.T.);
#79=FACE_BOUND('',#295,.T.);
#80=FACE_BOUND('',#323,.T.);
#81=CIRCLE('',#1688,4.00000042591001);
#82=CIRCLE('',#1689,3.00000042591001);
#83=CIRCLE('',#1690,0.5);
#84=CIRCLE('',#1691,1.75);
#85=CIRCLE('',#1692,0.5);
#86=CIRCLE('',#1693,0.824999999999996);
#87=CIRCLE('',#1697,2.);
#88=CIRCLE('',#1698,2.);
#89=CIRCLE('',#1702,2.68);
#90=CIRCLE('',#1703,2.68);
#91=CIRCLE('',#1705,3.00000042591);
#92=CIRCLE('',#1706,3.00000042591);
#93=CIRCLE('',#1708,0.5);
#94=CIRCLE('',#1709,1.75);
#95=CIRCLE('',#1710,0.5);
#96=CIRCLE('',#1711,0.824999999999996);
#97=CIRCLE('',#1713,6.00000042591001);
#98=CIRCLE('',#1714,6.00000042591004);
#99=CIRCLE('',#1715,6.00000042591001);
#100=CIRCLE('',#1716,6.00000042590999);
#101=CIRCLE('',#1717,3.00000042591002);
#102=CIRCLE('',#1718,4.00000042591004);
#103=CIRCLE('',#1719,4.00000042591001);
#104=CIRCLE('',#1722,0.499999999999998);
#105=CIRCLE('',#1725,2.68);
#106=CIRCLE('',#1726,2.68);
#107=CIRCLE('',#1729,0.499999999999998);
#108=CIRCLE('',#1741,3.00000042591002);
#109=CIRCLE('',#1758,0.824999999999996);
#110=CIRCLE('',#1760,1.75);
#111=CIRCLE('',#1762,4.00000042591004);
#112=CIRCLE('',#1770,3.08250267234588);
#113=CIRCLE('',#1771,4.81690676112533);
#114=CIRCLE('',#1774,3.08250267234591);
#115=CIRCLE('',#1775,4.81690676112535);
#116=CIRCLE('',#1778,3.08250267234594);
#117=CIRCLE('',#1779,4.81690676112538);
#118=CIRCLE('',#1782,3.08250267234589);
#119=CIRCLE('',#1783,4.81690676112536);
#120=CIRCLE('',#1785,3.30272033264816);
#121=CIRCLE('',#1788,3.30272033264814);
#122=CIRCLE('',#1791,3.00000042591001);
#123=CIRCLE('',#1792,3.00000042591006);
#124=CIRCLE('',#1794,1.);
#125=CIRCLE('',#1795,0.999999999999998);
#126=CIRCLE('',#1797,0.999999999999975);
#127=CIRCLE('',#1798,3.33389596051516);
#128=CIRCLE('',#1799,4.3300906586069);
#129=CIRCLE('',#1801,1.);
#130=CIRCLE('',#1803,0.999999999999976);
#131=CIRCLE('',#1804,3.33389596051518);
#132=CIRCLE('',#1805,4.33009065860693);
#133=CIRCLE('',#1807,0.999999999999998);
#134=CIRCLE('',#1809,0.999999999999972);
#135=CIRCLE('',#1810,3.33389596051521);
#136=CIRCLE('',#1811,4.33009065860696);
#137=CIRCLE('',#1813,1.00000000000002);
#138=CIRCLE('',#1815,3.33389596051519);
#139=CIRCLE('',#1816,4.33009065860693);
#140=CIRCLE('',#1823,3.30272033264819);
#141=CIRCLE('',#1824,3.30272033264817);
#142=FACE_OUTER_BOUND('',#231,.T.);
#143=FACE_OUTER_BOUND('',#232,.T.);
#144=FACE_OUTER_BOUND('',#233,.T.);
#145=FACE_OUTER_BOUND('',#234,.T.);
#146=FACE_OUTER_BOUND('',#235,.T.);
#147=FACE_OUTER_BOUND('',#236,.T.);
#148=FACE_OUTER_BOUND('',#237,.T.);
#149=FACE_OUTER_BOUND('',#239,.T.);
#150=FACE_OUTER_BOUND('',#240,.T.);
#151=FACE_OUTER_BOUND('',#241,.T.);
#152=FACE_OUTER_BOUND('',#242,.T.);
#153=FACE_OUTER_BOUND('',#243,.T.);
#154=FACE_OUTER_BOUND('',#244,.T.);
#155=FACE_OUTER_BOUND('',#245,.T.);
#156=FACE_OUTER_BOUND('',#246,.T.);
#157=FACE_OUTER_BOUND('',#248,.T.);
#158=FACE_OUTER_BOUND('',#250,.T.);
#159=FACE_OUTER_BOUND('',#251,.T.);
#160=FACE_OUTER_BOUND('',#252,.T.);
#161=FACE_OUTER_BOUND('',#253,.T.);
#162=FACE_OUTER_BOUND('',#254,.T.);
#163=FACE_OUTER_BOUND('',#255,.T.);
#164=FACE_OUTER_BOUND('',#256,.T.);
#165=FACE_OUTER_BOUND('',#257,.T.);
#166=FACE_OUTER_BOUND('',#258,.T.);
#167=FACE_OUTER_BOUND('',#259,.T.);
#168=FACE_OUTER_BOUND('',#260,.T.);
#169=FACE_OUTER_BOUND('',#261,.T.);
#170=FACE_OUTER_BOUND('',#262,.T.);
#171=FACE_OUTER_BOUND('',#263,.T.);
#172=FACE_OUTER_BOUND('',#264,.T.);
#173=FACE_OUTER_BOUND('',#265,.T.);
#174=FACE_OUTER_BOUND('',#266,.T.);
#175=FACE_OUTER_BOUND('',#267,.T.);
#176=FACE_OUTER_BOUND('',#269,.T.);
#177=FACE_OUTER_BOUND('',#270,.T.);
#178=FACE_OUTER_BOUND('',#271,.T.);
#179=FACE_OUTER_BOUND('',#273,.T.);
#180=FACE_OUTER_BOUND('',#274,.T.);
#181=FACE_OUTER_BOUND('',#275,.T.);
#182=FACE_OUTER_BOUND('',#277,.T.);
#183=FACE_OUTER_BOUND('',#278,.T.);
#184=FACE_OUTER_BOUND('',#279,.T.);
#185=FACE_OUTER_BOUND('',#280,.T.);
#186=FACE_OUTER_BOUND('',#281,.T.);
#187=FACE_OUTER_BOUND('',#282,.T.);
#188=FACE_OUTER_BOUND('',#283,.T.);
#189=FACE_OUTER_BOUND('',#284,.T.);
#190=FACE_OUTER_BOUND('',#285,.T.);
#191=FACE_OUTER_BOUND('',#286,.T.);
#192=FACE_OUTER_BOUND('',#287,.T.);
#193=FACE_OUTER_BOUND('',#288,.T.);
#194=FACE_OUTER_BOUND('',#289,.T.);
#195=FACE_OUTER_BOUND('',#290,.T.);
#196=FACE_OUTER_BOUND('',#291,.T.);
#197=FACE_OUTER_BOUND('',#292,.T.);
#198=FACE_OUTER_BOUND('',#293,.T.);
#199=FACE_OUTER_BOUND('',#294,.T.);
#200=FACE_OUTER_BOUND('',#296,.T.);
#201=FACE_OUTER_BOUND('',#297,.T.);
#202=FACE_OUTER_BOUND('',#298,.T.);
#203=FACE_OUTER_BOUND('',#299,.T.);
#204=FACE_OUTER_BOUND('',#300,.T.);
#205=FACE_OUTER_BOUND('',#301,.T.);
#206=FACE_OUTER_BOUND('',#302,.T.);
#207=FACE_OUTER_BOUND('',#303,.T.);
#208=FACE_OUTER_BOUND('',#304,.T.);
#209=FACE_OUTER_BOUND('',#305,.T.);
#210=FACE_OUTER_BOUND('',#306,.T.);
#211=FACE_OUTER_BOUND('',#307,.T.);
#212=FACE_OUTER_BOUND('',#308,.T.);
#213=FACE_OUTER_BOUND('',#309,.T.);
#214=FACE_OUTER_BOUND('',#310,.T.);
#215=FACE_OUTER_BOUND('',#311,.T.);
#216=FACE_OUTER_BOUND('',#312,.T.);
#217=FACE_OUTER_BOUND('',#313,.T.);
#218=FACE_OUTER_BOUND('',#314,.T.);
#219=FACE_OUTER_BOUND('',#315,.T.);
#220=FACE_OUTER_BOUND('',#316,.T.);
#221=FACE_OUTER_BOUND('',#317,.T.);
#222=FACE_OUTER_BOUND('',#318,.T.);
#223=FACE_OUTER_BOUND('',#319,.T.);
#224=FACE_OUTER_BOUND('',#320,.T.);
#225=FACE_OUTER_BOUND('',#321,.T.);
#226=FACE_OUTER_BOUND('',#322,.T.);
#227=FACE_OUTER_BOUND('',#324,.T.);
#228=FACE_OUTER_BOUND('',#325,.T.);
#229=FACE_OUTER_BOUND('',#326,.T.);
#230=FACE_OUTER_BOUND('',#327,.T.);
#231=EDGE_LOOP('',(#1051,#1052,#1053,#1054));
#232=EDGE_LOOP('',(#1055,#1056,#1057,#1058,#1059,#1060,#1061,#1062));
#233=EDGE_LOOP('',(#1063,#1064,#1065,#1066,#1067,#1068,#1069,#1070,#1071,
#1072,#1073,#1074));
#234=EDGE_LOOP('',(#1075,#1076,#1077,#1078));
#235=EDGE_LOOP('',(#1079,#1080,#1081,#1082));
#236=EDGE_LOOP('',(#1083,#1084,#1085,#1086,#1087,#1088,#1089,#1090,#1091,
#1092));
#237=EDGE_LOOP('',(#1093,#1094,#1095,#1096,#1097,#1098,#1099,#1100,#1101,
#1102,#1103,#1104,#1105,#1106));
#238=EDGE_LOOP('',(#1107));
#239=EDGE_LOOP('',(#1108,#1109,#1110,#1111));
#240=EDGE_LOOP('',(#1112,#1113,#1114,#1115,#1116,#1117,#1118,#1119,#1120,
#1121,#1122,#1123));
#241=EDGE_LOOP('',(#1124,#1125,#1126,#1127));
#242=EDGE_LOOP('',(#1128,#1129,#1130,#1131));
#243=EDGE_LOOP('',(#1132,#1133,#1134,#1135));
#244=EDGE_LOOP('',(#1136,#1137,#1138,#1139,#1140,#1141,#1142,#1143,#1144,
#1145,#1146,#1147));
#245=EDGE_LOOP('',(#1148,#1149,#1150,#1151));
#246=EDGE_LOOP('',(#1152,#1153,#1154,#1155,#1156,#1157,#1158,#1159,#1160,
#1161));
#247=EDGE_LOOP('',(#1162));
#248=EDGE_LOOP('',(#1163,#1164,#1165,#1166,#1167,#1168,#1169,#1170));
#249=EDGE_LOOP('',(#1171,#1172,#1173,#1174,#1175,#1176,#1177,#1178,#1179,
#1180,#1181,#1182,#1183,#1184,#1185,#1186));
#250=EDGE_LOOP('',(#1187,#1188,#1189,#1190));
#251=EDGE_LOOP('',(#1191,#1192,#1193,#1194));
#252=EDGE_LOOP('',(#1195,#1196,#1197,#1198,#1199,#1200,#1201,#1202,#1203,
#1204,#1205,#1206,#1207,#1208));
#253=EDGE_LOOP('',(#1209,#1210,#1211,#1212));
#254=EDGE_LOOP('',(#1213,#1214,#1215,#1216));
#255=EDGE_LOOP('',(#1217,#1218,#1219,#1220));
#256=EDGE_LOOP('',(#1221,#1222,#1223,#1224));
#257=EDGE_LOOP('',(#1225,#1226,#1227,#1228));
#258=EDGE_LOOP('',(#1229,#1230,#1231,#1232));
#259=EDGE_LOOP('',(#1233,#1234,#1235,#1236));
#260=EDGE_LOOP('',(#1237,#1238,#1239,#1240));
#261=EDGE_LOOP('',(#1241,#1242,#1243,#1244));
#262=EDGE_LOOP('',(#1245,#1246,#1247,#1248));
#263=EDGE_LOOP('',(#1249,#1250,#1251,#1252));
#264=EDGE_LOOP('',(#1253,#1254,#1255,#1256));
#265=EDGE_LOOP('',(#1257,#1258,#1259,#1260));
#266=EDGE_LOOP('',(#1261,#1262,#1263,#1264));
#267=EDGE_LOOP('',(#1265,#1266,#1267,#1268,#1269,#1270));
#268=EDGE_LOOP('',(#1271));
#269=EDGE_LOOP('',(#1272,#1273,#1274,#1275));
#270=EDGE_LOOP('',(#1276,#1277,#1278,#1279));
#271=EDGE_LOOP('',(#1280,#1281,#1282,#1283,#1284,#1285,#1286,#1287));
#272=EDGE_LOOP('',(#1288));
#273=EDGE_LOOP('',(#1289,#1290,#1291,#1292));
#274=EDGE_LOOP('',(#1293,#1294,#1295,#1296));
#275=EDGE_LOOP('',(#1297,#1298,#1299,#1300,#1301,#1302,#1303,#1304,#1305,
#1306,#1307,#1308));
#276=EDGE_LOOP('',(#1309));
#277=EDGE_LOOP('',(#1310,#1311,#1312,#1313));
#278=EDGE_LOOP('',(#1314,#1315,#1316,#1317));
#279=EDGE_LOOP('',(#1318,#1319,#1320,#1321));
#280=EDGE_LOOP('',(#1322,#1323,#1324,#1325));
#281=EDGE_LOOP('',(#1326,#1327,#1328,#1329));
#282=EDGE_LOOP('',(#1330,#1331,#1332,#1333));
#283=EDGE_LOOP('',(#1334,#1335,#1336,#1337));
#284=EDGE_LOOP('',(#1338,#1339,#1340,#1341));
#285=EDGE_LOOP('',(#1342,#1343,#1344,#1345));
#286=EDGE_LOOP('',(#1346,#1347,#1348,#1349));
#287=EDGE_LOOP('',(#1350,#1351,#1352,#1353));
#288=EDGE_LOOP('',(#1354,#1355,#1356,#1357));
#289=EDGE_LOOP('',(#1358,#1359,#1360,#1361));
#290=EDGE_LOOP('',(#1362,#1363,#1364,#1365));
#291=EDGE_LOOP('',(#1366,#1367,#1368,#1369));
#292=EDGE_LOOP('',(#1370,#1371,#1372,#1373));
#293=EDGE_LOOP('',(#1374,#1375,#1376,#1377));
#294=EDGE_LOOP('',(#1378,#1379,#1380,#1381,#1382,#1383,#1384,#1385));
#295=EDGE_LOOP('',(#1386,#1387,#1388,#1389,#1390,#1391,#1392,#1393));
#296=EDGE_LOOP('',(#1394,#1395,#1396,#1397));
#297=EDGE_LOOP('',(#1398,#1399,#1400,#1401));
#298=EDGE_LOOP('',(#1402,#1403,#1404,#1405));
#299=EDGE_LOOP('',(#1406,#1407,#1408,#1409));
#300=EDGE_LOOP('',(#1410,#1411,#1412,#1413));
#301=EDGE_LOOP('',(#1414,#1415,#1416,#1417));
#302=EDGE_LOOP('',(#1418,#1419,#1420,#1421));
#303=EDGE_LOOP('',(#1422,#1423,#1424,#1425));
#304=EDGE_LOOP('',(#1426,#1427,#1428,#1429));
#305=EDGE_LOOP('',(#1430,#1431,#1432,#1433));
#306=EDGE_LOOP('',(#1434,#1435,#1436,#1437));
#307=EDGE_LOOP('',(#1438,#1439,#1440,#1441));
#308=EDGE_LOOP('',(#1442,#1443,#1444,#1445,#1446,#1447,#1448,#1449));
#309=EDGE_LOOP('',(#1450,#1451,#1452,#1453,#1454,#1455,#1456,#1457));
#310=EDGE_LOOP('',(#1458,#1459,#1460,#1461));
#311=EDGE_LOOP('',(#1462,#1463,#1464,#1465));
#312=EDGE_LOOP('',(#1466,#1467,#1468,#1469));
#313=EDGE_LOOP('',(#1470,#1471,#1472,#1473));
#314=EDGE_LOOP('',(#1474,#1475,#1476,#1477));
#315=EDGE_LOOP('',(#1478,#1479,#1480,#1481));
#316=EDGE_LOOP('',(#1482,#1483,#1484,#1485));
#317=EDGE_LOOP('',(#1486,#1487,#1488,#1489));
#318=EDGE_LOOP('',(#1490,#1491,#1492,#1493));
#319=EDGE_LOOP('',(#1494,#1495,#1496,#1497));
#320=EDGE_LOOP('',(#1498,#1499,#1500,#1501));
#321=EDGE_LOOP('',(#1502,#1503,#1504,#1505));
#322=EDGE_LOOP('',(#1506,#1507,#1508,#1509,#1510,#1511));
#323=EDGE_LOOP('',(#1512));
#324=EDGE_LOOP('',(#1513,#1514,#1515,#1516));
#325=EDGE_LOOP('',(#1517,#1518,#1519,#1520));
#326=EDGE_LOOP('',(#1521,#1522,#1523,#1524));
#327=EDGE_LOOP('',(#1525,#1526,#1527,#1528));
#328=LINE('',#2347,#493);
#329=LINE('',#2349,#494);
#330=LINE('',#2351,#495);
#331=LINE('',#2352,#496);
#332=LINE('',#2355,#497);
#333=LINE('',#2357,#498);
#334=LINE('',#2359,#499);
#335=LINE('',#2361,#500);
#336=LINE('',#2363,#501);
#337=LINE('',#2365,#502);
#338=LINE('',#2366,#503);
#339=LINE('',#2369,#504);
#340=LINE('',#2371,#505);
#341=LINE('',#2373,#506);
#342=LINE('',#2375,#507);
#343=LINE('',#2377,#508);
#344=LINE('',#2379,#509);
#345=LINE('',#2381,#510);
#346=LINE('',#2383,#511);
#347=LINE('',#2385,#512);
#348=LINE('',#2387,#513);
#349=LINE('',#2388,#514);
#350=LINE('',#2392,#515);
#351=LINE('',#2394,#516);
#352=LINE('',#2396,#517);
#353=LINE('',#2397,#518);
#354=LINE('',#2401,#519);
#355=LINE('',#2403,#520);
#356=LINE('',#2405,#521);
#357=LINE('',#2406,#522);
#358=LINE('',#2409,#523);
#359=LINE('',#2411,#524);
#360=LINE('',#2413,#525);
#361=LINE('',#2415,#526);
#362=LINE('',#2417,#527);
#363=LINE('',#2419,#528);
#364=LINE('',#2421,#529);
#365=LINE('',#2423,#530);
#366=LINE('',#2424,#531);
#367=LINE('',#2427,#532);
#368=LINE('',#2431,#533);
#369=LINE('',#2433,#534);
#370=LINE('',#2435,#535);
#371=LINE('',#2440,#536);
#372=LINE('',#2444,#537);
#373=LINE('',#2451,#538);
#374=LINE('',#2453,#539);
#375=LINE('',#2455,#540);
#376=LINE('',#2456,#541);
#377=LINE('',#2459,#542);
#378=LINE('',#2461,#543);
#379=LINE('',#2463,#544);
#380=LINE('',#2465,#545);
#381=LINE('',#2466,#546);
#382=LINE('',#2468,#547);
#383=LINE('',#2470,#548);
#384=LINE('',#2472,#549);
#385=LINE('',#2474,#550);
#386=LINE('',#2475,#551);
#387=LINE('',#2481,#552);
#388=LINE('',#2484,#553);
#389=LINE('',#2487,#554);
#390=LINE('',#2489,#555);
#391=LINE('',#2490,#556);
#392=LINE('',#2492,#557);
#393=LINE('',#2493,#558);
#394=LINE('',#2496,#559);
#395=LINE('',#2498,#560);
#396=LINE('',#2500,#561);
#397=LINE('',#2502,#562);
#398=LINE('',#2504,#563);
#399=LINE('',#2508,#564);
#400=LINE('',#2514,#565);
#401=LINE('',#2518,#566);
#402=LINE('',#2522,#567);
#403=LINE('',#2529,#568);
#404=LINE('',#2533,#569);
#405=LINE('',#2537,#570);
#406=LINE('',#2541,#571);
#407=LINE('',#2543,#572);
#408=LINE('',#2548,#573);
#409=LINE('',#2550,#574);
#410=LINE('',#2556,#575);
#411=LINE('',#2559,#576);
#412=LINE('',#2564,#577);
#413=LINE('',#2568,#578);
#414=LINE('',#2569,#579);
#415=LINE('',#2571,#580);
#416=LINE('',#2573,#581);
#417=LINE('',#2575,#582);
#418=LINE('',#2576,#583);
#419=LINE('',#2581,#584);
#420=LINE('',#2586,#585);
#421=LINE('',#2589,#586);
#422=LINE('',#2590,#587);
#423=LINE('',#2594,#588);
#424=LINE('',#2598,#589);
#425=LINE('',#2602,#590);
#426=LINE('',#2605,#591);
#427=LINE('',#2606,#592);
#428=LINE('',#2611,#593);
#429=LINE('',#2612,#594);
#430=LINE('',#2616,#595);
#431=LINE('',#2617,#596);
#432=LINE('',#2620,#597);
#433=LINE('',#2622,#598);
#434=LINE('',#2623,#599);
#435=LINE('',#2626,#600);
#436=LINE('',#2628,#601);
#437=LINE('',#2629,#602);
#438=LINE('',#2631,#603);
#439=LINE('',#2636,#604);
#440=LINE('',#2645,#605);
#441=LINE('',#2651,#606);
#442=LINE('',#2653,#607);
#443=LINE('',#2656,#608);
#444=LINE('',#2658,#609);
#445=LINE('',#2663,#610);
#446=LINE('',#2665,#611);
#447=LINE('',#2667,#612);
#448=LINE('',#2668,#613);
#449=LINE('',#2672,#614);
#450=LINE('',#2678,#615);
#451=LINE('',#2679,#616);
#452=LINE('',#2680,#617);
#453=LINE('',#2684,#618);
#454=LINE('',#2690,#619);
#455=LINE('',#2691,#620);
#456=LINE('',#2692,#621);
#457=LINE('',#2696,#622);
#458=LINE('',#2702,#623);
#459=LINE('',#2703,#624);
#460=LINE('',#2704,#625);
#461=LINE('',#2710,#626);
#462=LINE('',#2713,#627);
#463=LINE('',#2716,#628);
#464=LINE('',#2717,#629);
#465=LINE('',#2720,#630);
#466=LINE('',#2724,#631);
#467=LINE('',#2725,#632);
#468=LINE('',#2734,#633);
#469=LINE('',#2737,#634);
#470=LINE('',#2748,#635);
#471=LINE('',#2749,#636);
#472=LINE('',#2760,#637);
#473=LINE('',#2761,#638);
#474=LINE('',#2772,#639);
#475=LINE('',#2773,#640);
#476=LINE('',#2778,#641);
#477=LINE('',#2779,#642);
#478=LINE('',#2781,#643);
#479=LINE('',#2783,#644);
#480=LINE('',#2785,#645);
#481=LINE('',#2790,#646);
#482=LINE('',#2793,#647);
#483=LINE('',#2796,#648);
#484=LINE('',#2798,#649);
#485=LINE('',#2800,#650);
#486=LINE('',#2803,#651);
#487=LINE('',#2805,#652);
#488=LINE('',#2807,#653);
#489=LINE('',#2813,#654);
#490=LINE('',#2816,#655);
#491=LINE('',#2821,#656);
#492=LINE('',#2823,#657);
#493=VECTOR('',#1851,10.);
#494=VECTOR('',#1852,10.);
#495=VECTOR('',#1853,10.);
#496=VECTOR('',#1854,10.);
#497=VECTOR('',#1857,10.);
#498=VECTOR('',#1858,10.);
#499=VECTOR('',#1859,10.);
#500=VECTOR('',#1860,10.);
#501=VECTOR('',#1861,10.);
#502=VECTOR('',#1862,10.);
#503=VECTOR('',#1863,10.);
#504=VECTOR('',#1866,10.);
#505=VECTOR('',#1867,10.);
#506=VECTOR('',#1868,10.);
#507=VECTOR('',#1869,10.);
#508=VECTOR('',#1870,10.);
#509=VECTOR('',#1871,0.5);
#510=VECTOR('',#1872,10.);
#511=VECTOR('',#1873,10.);
#512=VECTOR('',#1874,10.);
#513=VECTOR('',#1875,10.);
#514=VECTOR('',#1876,10.);
#515=VECTOR('',#1879,10.);
#516=VECTOR('',#1880,10.);
#517=VECTOR('',#1881,10.);
#518=VECTOR('',#1882,10.);
#519=VECTOR('',#1885,10.);
#520=VECTOR('',#1886,10.);
#521=VECTOR('',#1887,10.);
#522=VECTOR('',#1888,10.);
#523=VECTOR('',#1891,10.);
#524=VECTOR('',#1892,10.);
#525=VECTOR('',#1893,10.);
#526=VECTOR('',#1894,10.);
#527=VECTOR('',#1895,10.);
#528=VECTOR('',#1896,10.);
#529=VECTOR('',#1897,10.);
#530=VECTOR('',#1898,10.);
#531=VECTOR('',#1899,10.);
#532=VECTOR('',#1902,10.);
#533=VECTOR('',#1905,10.);
#534=VECTOR('',#1906,10.);
#535=VECTOR('',#1907,10.);
#536=VECTOR('',#1912,10.);
#537=VECTOR('',#1915,10.);
#538=VECTOR('',#1922,10.);
#539=VECTOR('',#1923,10.);
#540=VECTOR('',#1924,10.);
#541=VECTOR('',#1925,10.);
#542=VECTOR('',#1928,10.);
#543=VECTOR('',#1929,10.);
#544=VECTOR('',#1930,10.);
#545=VECTOR('',#1931,10.);
#546=VECTOR('',#1932,10.);
#547=VECTOR('',#1933,10.);
#548=VECTOR('',#1934,10.);
#549=VECTOR('',#1935,10.);
#550=VECTOR('',#1936,10.);
#551=VECTOR('',#1937,10.);
#552=VECTOR('',#1942,10.);
#553=VECTOR('',#1945,10.);
#554=VECTOR('',#1948,10.);
#555=VECTOR('',#1949,10.);
#556=VECTOR('',#1950,10.);
#557=VECTOR('',#1953,10.);
#558=VECTOR('',#1954,10.);
#559=VECTOR('',#1957,10.);
#560=VECTOR('',#1958,10.);
#561=VECTOR('',#1959,10.);
#562=VECTOR('',#1960,10.);
#563=VECTOR('',#1961,10.);
#564=VECTOR('',#1964,10.);
#565=VECTOR('',#1975,10.);
#566=VECTOR('',#1978,10.);
#567=VECTOR('',#1981,10.);
#568=VECTOR('',#1988,10.);
#569=VECTOR('',#1991,10.);
#570=VECTOR('',#1994,10.);
#571=VECTOR('',#1997,10.);
#572=VECTOR('',#2000,10.);
#573=VECTOR('',#2007,10.);
#574=VECTOR('',#2010,10.);
#575=VECTOR('',#2015,0.5);
#576=VECTOR('',#2018,0.5);
#577=VECTOR('',#2023,10.);
#578=VECTOR('',#2026,10.);
#579=VECTOR('',#2027,10.);
#580=VECTOR('',#2028,10.);
#581=VECTOR('',#2029,10.);
#582=VECTOR('',#2030,10.);
#583=VECTOR('',#2031,10.);
#584=VECTOR('',#2036,0.5);
#585=VECTOR('',#2043,10.);
#586=VECTOR('',#2046,10.);
#587=VECTOR('',#2047,10.);
#588=VECTOR('',#2052,10.);
#589=VECTOR('',#2057,10.);
#590=VECTOR('',#2062,10.);
#591=VECTOR('',#2065,10.);
#592=VECTOR('',#2066,10.);
#593=VECTOR('',#2073,10.);
#594=VECTOR('',#2074,10.);
#595=VECTOR('',#2081,10.);
#596=VECTOR('',#2082,10.);
#597=VECTOR('',#2085,10.);
#598=VECTOR('',#2086,10.);
#599=VECTOR('',#2087,10.);
#600=VECTOR('',#2090,10.);
#601=VECTOR('',#2091,10.);
#602=VECTOR('',#2092,10.);
#603=VECTOR('',#2095,10.);
#604=VECTOR('',#2102,0.824999999999996);
#605=VECTOR('',#2115,0.824999999999996);
#606=VECTOR('',#2126,10.);
#607=VECTOR('',#2129,10.);
#608=VECTOR('',#2134,10.);
#609=VECTOR('',#2137,10.);
#610=VECTOR('',#2142,10.);
#611=VECTOR('',#2143,10.);
#612=VECTOR('',#2144,10.);
#613=VECTOR('',#2145,10.);
#614=VECTOR('',#2148,10.);
#615=VECTOR('',#2155,10.);
#616=VECTOR('',#2156,10.);
#617=VECTOR('',#2157,10.);
#618=VECTOR('',#2160,10.);
#619=VECTOR('',#2167,10.);
#620=VECTOR('',#2168,10.);
#621=VECTOR('',#2169,10.);
#622=VECTOR('',#2172,10.);
#623=VECTOR('',#2179,10.);
#624=VECTOR('',#2180,10.);
#625=VECTOR('',#2181,10.);
#626=VECTOR('',#2190,10.);
#627=VECTOR('',#2193,10.);
#628=VECTOR('',#2196,10.);
#629=VECTOR('',#2197,10.);
#630=VECTOR('',#2200,10.);
#631=VECTOR('',#2205,10.);
#632=VECTOR('',#2206,10.);
#633=VECTOR('',#2217,10.);
#634=VECTOR('',#2220,10.);
#635=VECTOR('',#2233,10.);
#636=VECTOR('',#2234,10.);
#637=VECTOR('',#2247,10.);
#638=VECTOR('',#2248,10.);
#639=VECTOR('',#2261,10.);
#640=VECTOR('',#2262,10.);
#641=VECTOR('',#2271,10.);
#642=VECTOR('',#2272,10.);
#643=VECTOR('',#2275,10.);
#644=VECTOR('',#2278,10.);
#645=VECTOR('',#2281,10.);
#646=VECTOR('',#2286,10.);
#647=VECTOR('',#2289,10.);
#648=VECTOR('',#2294,10.);
#649=VECTOR('',#2297,10.);
#650=VECTOR('',#2300,10.);
#651=VECTOR('',#2305,10.);
#652=VECTOR('',#2308,10.);
#653=VECTOR('',#2311,10.);
#654=VECTOR('',#2322,10.);
#655=VECTOR('',#2325,10.);
#656=VECTOR('',#2332,10.);
#657=VECTOR('',#2335,0.824999999999996);
#658=VERTEX_POINT('',#2345);
#659=VERTEX_POINT('',#2346);
#660=VERTEX_POINT('',#2348);
#661=VERTEX_POINT('',#2350);
#662=VERTEX_POINT('',#2354);
#663=VERTEX_POINT('',#2356);
#664=VERTEX_POINT('',#2358);
#665=VERTEX_POINT('',#2360);
#666=VERTEX_POINT('',#2362);
#667=VERTEX_POINT('',#2364);
#668=VERTEX_POINT('',#2368);
#669=VERTEX_POINT('',#2370);
#670=VERTEX_POINT('',#2372);
#671=VERTEX_POINT('',#2374);
#672=VERTEX_POINT('',#2376);
#673=VERTEX_POINT('',#2378);
#674=VERTEX_POINT('',#2380);
#675=VERTEX_POINT('',#2382);
#676=VERTEX_POINT('',#2384);
#677=VERTEX_POINT('',#2386);
#678=VERTEX_POINT('',#2390);
#679=VERTEX_POINT('',#2391);
#680=VERTEX_POINT('',#2393);
#681=VERTEX_POINT('',#2395);
#682=VERTEX_POINT('',#2399);
#683=VERTEX_POINT('',#2400);
#684=VERTEX_POINT('',#2402);
#685=VERTEX_POINT('',#2404);
#686=VERTEX_POINT('',#2408);
#687=VERTEX_POINT('',#2410);
#688=VERTEX_POINT('',#2412);
#689=VERTEX_POINT('',#2414);
#690=VERTEX_POINT('',#2416);
#691=VERTEX_POINT('',#2418);
#692=VERTEX_POINT('',#2420);
#693=VERTEX_POINT('',#2422);
#694=VERTEX_POINT('',#2426);
#695=VERTEX_POINT('',#2428);
#696=VERTEX_POINT('',#2430);
#697=VERTEX_POINT('',#2432);
#698=VERTEX_POINT('',#2434);
#699=VERTEX_POINT('',#2437);
#700=VERTEX_POINT('',#2439);
#701=VERTEX_POINT('',#2441);
#702=VERTEX_POINT('',#2443);
#703=VERTEX_POINT('',#2446);
#704=VERTEX_POINT('',#2449);
#705=VERTEX_POINT('',#2450);
#706=VERTEX_POINT('',#2452);
#707=VERTEX_POINT('',#2454);
#708=VERTEX_POINT('',#2458);
#709=VERTEX_POINT('',#2460);
#710=VERTEX_POINT('',#2462);
#711=VERTEX_POINT('',#2464);
#712=VERTEX_POINT('',#2467);
#713=VERTEX_POINT('',#2469);
#714=VERTEX_POINT('',#2471);
#715=VERTEX_POINT('',#2473);
#716=VERTEX_POINT('',#2477);
#717=VERTEX_POINT('',#2478);
#718=VERTEX_POINT('',#2480);
#719=VERTEX_POINT('',#2482);
#720=VERTEX_POINT('',#2486);
#721=VERTEX_POINT('',#2488);
#722=VERTEX_POINT('',#2495);
#723=VERTEX_POINT('',#2497);
#724=VERTEX_POINT('',#2499);
#725=VERTEX_POINT('',#2501);
#726=VERTEX_POINT('',#2503);
#727=VERTEX_POINT('',#2505);
#728=VERTEX_POINT('',#2507);
#729=VERTEX_POINT('',#2515);
#730=VERTEX_POINT('',#2517);
#731=VERTEX_POINT('',#2519);
#732=VERTEX_POINT('',#2521);
#733=VERTEX_POINT('',#2524);
#734=VERTEX_POINT('',#2527);
#735=VERTEX_POINT('',#2528);
#736=VERTEX_POINT('',#2530);
#737=VERTEX_POINT('',#2532);
#738=VERTEX_POINT('',#2534);
#739=VERTEX_POINT('',#2536);
#740=VERTEX_POINT('',#2538);
#741=VERTEX_POINT('',#2540);
#742=VERTEX_POINT('',#2546);
#743=VERTEX_POINT('',#2552);
#744=VERTEX_POINT('',#2553);
#745=VERTEX_POINT('',#2555);
#746=VERTEX_POINT('',#2557);
#747=VERTEX_POINT('',#2561);
#748=VERTEX_POINT('',#2563);
#749=VERTEX_POINT('',#2565);
#750=VERTEX_POINT('',#2567);
#751=VERTEX_POINT('',#2570);
#752=VERTEX_POINT('',#2572);
#753=VERTEX_POINT('',#2574);
#754=VERTEX_POINT('',#2578);
#755=VERTEX_POINT('',#2580);
#756=VERTEX_POINT('',#2584);
#757=VERTEX_POINT('',#2588);
#758=VERTEX_POINT('',#2592);
#759=VERTEX_POINT('',#2596);
#760=VERTEX_POINT('',#2600);
#761=VERTEX_POINT('',#2604);
#762=VERTEX_POINT('',#2610);
#763=VERTEX_POINT('',#2619);
#764=VERTEX_POINT('',#2621);
#765=VERTEX_POINT('',#2625);
#766=VERTEX_POINT('',#2627);
#767=VERTEX_POINT('',#2633);
#768=VERTEX_POINT('',#2641);
#769=VERTEX_POINT('',#2644);
#770=VERTEX_POINT('',#2661);
#771=VERTEX_POINT('',#2662);
#772=VERTEX_POINT('',#2664);
#773=VERTEX_POINT('',#2666);
#774=VERTEX_POINT('',#2670);
#775=VERTEX_POINT('',#2671);
#776=VERTEX_POINT('',#2676);
#777=VERTEX_POINT('',#2677);
#778=VERTEX_POINT('',#2682);
#779=VERTEX_POINT('',#2683);
#780=VERTEX_POINT('',#2688);
#781=VERTEX_POINT('',#2689);
#782=VERTEX_POINT('',#2694);
#783=VERTEX_POINT('',#2695);
#784=VERTEX_POINT('',#2700);
#785=VERTEX_POINT('',#2701);
#786=VERTEX_POINT('',#2709);
#787=VERTEX_POINT('',#2711);
#788=VERTEX_POINT('',#2715);
#789=VERTEX_POINT('',#2719);
#790=VERTEX_POINT('',#2723);
#791=VERTEX_POINT('',#2730);
#792=VERTEX_POINT('',#2731);
#793=VERTEX_POINT('',#2733);
#794=VERTEX_POINT('',#2735);
#795=VERTEX_POINT('',#2739);
#796=VERTEX_POINT('',#2740);
#797=VERTEX_POINT('',#2745);
#798=VERTEX_POINT('',#2746);
#799=VERTEX_POINT('',#2751);
#800=VERTEX_POINT('',#2752);
#801=VERTEX_POINT('',#2757);
#802=VERTEX_POINT('',#2758);
#803=VERTEX_POINT('',#2763);
#804=VERTEX_POINT('',#2764);
#805=VERTEX_POINT('',#2769);
#806=VERTEX_POINT('',#2770);
#807=VERTEX_POINT('',#2788);
#808=VERTEX_POINT('',#2789);
#809=VERTEX_POINT('',#2791);
#810=VERTEX_POINT('',#2815);
#811=VERTEX_POINT('',#2818);
#812=EDGE_CURVE('',#658,#659,#328,.T.);
#813=EDGE_CURVE('',#660,#658,#329,.T.);
#814=EDGE_CURVE('',#661,#660,#330,.T.);
#815=EDGE_CURVE('',#659,#661,#331,.T.);
#816=EDGE_CURVE('',#662,#660,#332,.T.);
#817=EDGE_CURVE('',#662,#663,#333,.T.);
#818=EDGE_CURVE('',#663,#664,#334,.T.);
#819=EDGE_CURVE('',#664,#665,#335,.T.);
#820=EDGE_CURVE('',#666,#665,#336,.T.);
#821=EDGE_CURVE('',#667,#666,#337,.T.);
#822=EDGE_CURVE('',#667,#661,#338,.T.);
#823=EDGE_CURVE('',#659,#668,#339,.T.);
#824=EDGE_CURVE('',#668,#669,#340,.T.);
#825=EDGE_CURVE('',#670,#669,#341,.T.);
#826=EDGE_CURVE('',#671,#670,#342,.T.);
#827=EDGE_CURVE('',#671,#672,#343,.T.);
#828=EDGE_CURVE('',#673,#672,#344,.T.);
#829=EDGE_CURVE('',#674,#673,#345,.T.);
#830=EDGE_CURVE('',#674,#675,#346,.T.);
#831=EDGE_CURVE('',#675,#676,#347,.T.);
#832=EDGE_CURVE('',#676,#677,#348,.T.);
#833=EDGE_CURVE('',#658,#677,#349,.T.);
#834=EDGE_CURVE('',#678,#679,#350,.T.);
#835=EDGE_CURVE('',#680,#678,#351,.T.);
#836=EDGE_CURVE('',#681,#680,#352,.T.);
#837=EDGE_CURVE('',#679,#681,#353,.T.);
#838=EDGE_CURVE('',#682,#683,#354,.T.);
#839=EDGE_CURVE('',#684,#682,#355,.T.);
#840=EDGE_CURVE('',#685,#684,#356,.T.);
#841=EDGE_CURVE('',#683,#685,#357,.T.);
#842=EDGE_CURVE('',#686,#682,#358,.T.);
#843=EDGE_CURVE('',#687,#683,#359,.T.);
#844=EDGE_CURVE('',#688,#687,#360,.T.);
#845=EDGE_CURVE('',#689,#688,#361,.T.);
#846=EDGE_CURVE('',#690,#689,#362,.T.);
#847=EDGE_CURVE('',#691,#690,#363,.T.);
#848=EDGE_CURVE('',#691,#692,#364,.T.);
#849=EDGE_CURVE('',#693,#692,#365,.T.);
#850=EDGE_CURVE('',#693,#686,#366,.T.);
#851=EDGE_CURVE('',#685,#694,#367,.T.);
#852=EDGE_CURVE('',#694,#695,#81,.T.);
#853=EDGE_CURVE('',#695,#696,#368,.T.);
#854=EDGE_CURVE('',#696,#697,#369,.T.);
#855=EDGE_CURVE('',#697,#698,#370,.T.);
#856=EDGE_CURVE('',#698,#691,#82,.T.);
#857=EDGE_CURVE('',#699,#690,#83,.T.);
#858=EDGE_CURVE('',#700,#699,#371,.T.);
#859=EDGE_CURVE('',#701,#700,#84,.T.);
#860=EDGE_CURVE('',#702,#701,#372,.T.);
#861=EDGE_CURVE('',#687,#702,#85,.T.);
#862=EDGE_CURVE('',#703,#703,#86,.T.);
#863=EDGE_CURVE('',#704,#705,#373,.T.);
#864=EDGE_CURVE('',#706,#704,#374,.T.);
#865=EDGE_CURVE('',#707,#706,#375,.T.);
#866=EDGE_CURVE('',#705,#707,#376,.T.);
#867=EDGE_CURVE('',#678,#708,#377,.T.);
#868=EDGE_CURVE('',#709,#708,#378,.T.);
#869=EDGE_CURVE('',#709,#710,#379,.T.);
#870=EDGE_CURVE('',#711,#710,#380,.T.);
#871=EDGE_CURVE('',#711,#705,#381,.T.);
#872=EDGE_CURVE('',#707,#712,#382,.T.);
#873=EDGE_CURVE('',#712,#713,#383,.T.);
#874=EDGE_CURVE('',#714,#713,#384,.T.);
#875=EDGE_CURVE('',#715,#714,#385,.T.);
#876=EDGE_CURVE('',#715,#680,#386,.T.);
#877=EDGE_CURVE('',#716,#717,#87,.T.);
#878=EDGE_CURVE('',#717,#718,#387,.T.);
#879=EDGE_CURVE('',#718,#719,#88,.T.);
#880=EDGE_CURVE('',#719,#716,#388,.T.);
#881=EDGE_CURVE('',#720,#717,#389,.T.);
#882=EDGE_CURVE('',#720,#721,#390,.T.);
#883=EDGE_CURVE('',#718,#721,#391,.T.);
#884=EDGE_CURVE('',#697,#719,#392,.T.);
#885=EDGE_CURVE('',#716,#696,#393,.T.);
#886=EDGE_CURVE('',#722,#695,#394,.T.);
#887=EDGE_CURVE('',#722,#723,#395,.T.);
#888=EDGE_CURVE('',#723,#724,#396,.T.);
#889=EDGE_CURVE('',#725,#724,#397,.T.);
#890=EDGE_CURVE('',#726,#725,#398,.T.);
#891=EDGE_CURVE('',#726,#727,#89,.T.);
#892=EDGE_CURVE('',#727,#728,#399,.T.);
#893=EDGE_CURVE('',#728,#720,#90,.T.);
#894=EDGE_CURVE('',#712,#686,#91,.T.);
#895=EDGE_CURVE('',#713,#693,#92,.T.);
#896=EDGE_CURVE('',#704,#679,#400,.T.);
#897=EDGE_CURVE('',#729,#711,#93,.T.);
#898=EDGE_CURVE('',#730,#729,#401,.T.);
#899=EDGE_CURVE('',#731,#730,#94,.T.);
#900=EDGE_CURVE('',#732,#731,#402,.T.);
#901=EDGE_CURVE('',#708,#732,#95,.T.);
#902=EDGE_CURVE('',#733,#733,#96,.T.);
#903=EDGE_CURVE('',#734,#735,#403,.T.);
#904=EDGE_CURVE('',#736,#735,#97,.T.);
#905=EDGE_CURVE('',#736,#737,#404,.T.);
#906=EDGE_CURVE('',#738,#737,#98,.T.);
#907=EDGE_CURVE('',#738,#739,#405,.T.);
#908=EDGE_CURVE('',#740,#739,#99,.T.);
#909=EDGE_CURVE('',#740,#741,#406,.T.);
#910=EDGE_CURVE('',#734,#741,#100,.T.);
#911=EDGE_CURVE('',#681,#706,#407,.T.);
#912=EDGE_CURVE('',#668,#715,#101,.T.);
#913=EDGE_CURVE('',#667,#723,#102,.T.);
#914=EDGE_CURVE('',#722,#742,#103,.T.);
#915=EDGE_CURVE('',#684,#742,#408,.T.);
#916=EDGE_CURVE('',#677,#662,#409,.T.);
#917=EDGE_CURVE('',#743,#744,#104,.F.);
#918=EDGE_CURVE('',#743,#745,#410,.T.);
#919=EDGE_CURVE('',#746,#745,#35,.F.);
#920=EDGE_CURVE('',#746,#744,#411,.T.);
#921=EDGE_CURVE('',#721,#747,#105,.T.);
#922=EDGE_CURVE('',#747,#748,#412,.T.);
#923=EDGE_CURVE('',#748,#749,#106,.T.);
#924=EDGE_CURVE('',#749,#750,#413,.T.);
#925=EDGE_CURVE('',#744,#750,#414,.T.);
#926=EDGE_CURVE('',#746,#751,#415,.T.);
#927=EDGE_CURVE('',#751,#752,#416,.T.);
#928=EDGE_CURVE('',#753,#752,#417,.T.);
#929=EDGE_CURVE('',#698,#753,#418,.T.);
#930=EDGE_CURVE('',#672,#754,#36,.T.);
#931=EDGE_CURVE('',#754,#755,#419,.T.);
#932=EDGE_CURVE('',#755,#673,#107,.T.);
#933=EDGE_CURVE('',#710,#756,#37,.T.);
#934=EDGE_CURVE('',#756,#729,#420,.T.);
#935=EDGE_CURVE('',#757,#756,#421,.T.);
#936=EDGE_CURVE('',#730,#757,#422,.T.);
#937=EDGE_CURVE('',#758,#709,#38,.T.);
#938=EDGE_CURVE('',#732,#758,#423,.T.);
#939=EDGE_CURVE('',#759,#688,#39,.T.);
#940=EDGE_CURVE('',#702,#759,#424,.T.);
#941=EDGE_CURVE('',#689,#760,#40,.T.);
#942=EDGE_CURVE('',#760,#699,#425,.T.);
#943=EDGE_CURVE('',#761,#760,#426,.T.);
#944=EDGE_CURVE('',#700,#761,#427,.T.);
#945=EDGE_CURVE('',#669,#714,#108,.T.);
#946=EDGE_CURVE('',#731,#762,#428,.T.);
#947=EDGE_CURVE('',#758,#762,#429,.T.);
#948=EDGE_CURVE('',#762,#757,#41,.T.);
#949=EDGE_CURVE('',#749,#726,#430,.T.);
#950=EDGE_CURVE('',#750,#725,#431,.T.);
#951=EDGE_CURVE('',#743,#763,#432,.T.);
#952=EDGE_CURVE('',#763,#764,#433,.T.);
#953=EDGE_CURVE('',#745,#764,#434,.T.);
#954=EDGE_CURVE('',#765,#754,#435,.T.);
#955=EDGE_CURVE('',#766,#765,#436,.T.);
#956=EDGE_CURVE('',#766,#755,#437,.T.);
#957=EDGE_CURVE('',#727,#748,#438,.T.);
#958=EDGE_CURVE('',#767,#767,#42,.T.);
#959=EDGE_CURVE('',#767,#733,#439,.T.);
#960=EDGE_CURVE('',#751,#671,#43,.T.);
#961=EDGE_CURVE('',#764,#765,#44,.T.);
#962=EDGE_CURVE('',#768,#768,#45,.T.);
#963=EDGE_CURVE('',#768,#769,#440,.T.);
#964=EDGE_CURVE('',#769,#769,#109,.T.);
#965=EDGE_CURVE('',#763,#766,#110,.T.);
#966=EDGE_CURVE('',#724,#666,#111,.T.);
#967=EDGE_CURVE('',#665,#674,#441,.T.);
#968=EDGE_CURVE('',#728,#747,#442,.T.);
#969=EDGE_CURVE('',#664,#675,#443,.T.);
#970=EDGE_CURVE('',#676,#663,#444,.T.);
#971=EDGE_CURVE('',#770,#771,#445,.T.);
#972=EDGE_CURVE('',#771,#772,#446,.T.);
#973=EDGE_CURVE('',#772,#773,#447,.T.);
#974=EDGE_CURVE('',#773,#770,#448,.T.);
#975=EDGE_CURVE('',#774,#775,#449,.T.);
#976=EDGE_CURVE('',#775,#771,#112,.T.);
#977=EDGE_CURVE('',#770,#774,#113,.T.);
#978=EDGE_CURVE('',#776,#777,#450,.T.);
#979=EDGE_CURVE('',#777,#775,#451,.T.);
#980=EDGE_CURVE('',#774,#776,#452,.T.);
#981=EDGE_CURVE('',#778,#779,#453,.T.);
#982=EDGE_CURVE('',#779,#777,#114,.T.);
#983=EDGE_CURVE('',#776,#778,#115,.T.);
#984=EDGE_CURVE('',#780,#781,#454,.T.);
#985=EDGE_CURVE('',#781,#779,#455,.T.);
#986=EDGE_CURVE('',#778,#780,#456,.T.);
#987=EDGE_CURVE('',#782,#783,#457,.T.);
#988=EDGE_CURVE('',#783,#781,#116,.T.);
#989=EDGE_CURVE('',#780,#782,#117,.T.);
#990=EDGE_CURVE('',#784,#785,#458,.T.);
#991=EDGE_CURVE('',#785,#783,#459,.T.);
#992=EDGE_CURVE('',#782,#784,#460,.T.);
#993=EDGE_CURVE('',#772,#785,#118,.T.);
#994=EDGE_CURVE('',#784,#773,#119,.T.);
#995=EDGE_CURVE('',#776,#786,#461,.F.);
#996=EDGE_CURVE('',#786,#787,#120,.T.);
#997=EDGE_CURVE('',#778,#787,#462,.F.);
#998=EDGE_CURVE('',#774,#788,#463,.F.);
#999=EDGE_CURVE('',#788,#786,#464,.T.);
#1000=EDGE_CURVE('',#770,#789,#465,.F.);
#1001=EDGE_CURVE('',#789,#788,#121,.T.);
#1002=EDGE_CURVE('',#773,#790,#466,.F.);
#1003=EDGE_CURVE('',#790,#789,#467,.T.);
#1004=EDGE_CURVE('',#692,#753,#122,.T.);
#1005=EDGE_CURVE('',#752,#670,#123,.T.);
#1006=EDGE_CURVE('',#791,#792,#124,.T.);
#1007=EDGE_CURVE('',#792,#793,#468,.T.);
#1008=EDGE_CURVE('',#793,#794,#125,.T.);
#1009=EDGE_CURVE('',#794,#791,#469,.T.);
#1010=EDGE_CURVE('',#795,#796,#126,.T.);
#1011=EDGE_CURVE('',#796,#794,#127,.T.);
#1012=EDGE_CURVE('',#793,#795,#128,.T.);
#1013=EDGE_CURVE('',#797,#798,#129,.T.);
#1014=EDGE_CURVE('',#798,#796,#470,.T.);
#1015=EDGE_CURVE('',#795,#797,#471,.T.);
#1016=EDGE_CURVE('',#799,#800,#130,.T.);
#1017=EDGE_CURVE('',#800,#798,#131,.T.);
#1018=EDGE_CURVE('',#797,#799,#132,.T.);
#1019=EDGE_CURVE('',#801,#802,#133,.T.);
#1020=EDGE_CURVE('',#802,#800,#472,.T.);
#1021=EDGE_CURVE('',#799,#801,#473,.T.);
#1022=EDGE_CURVE('',#803,#804,#134,.T.);
#1023=EDGE_CURVE('',#804,#802,#135,.T.);
#1024=EDGE_CURVE('',#801,#803,#136,.T.);
#1025=EDGE_CURVE('',#805,#806,#137,.T.);
#1026=EDGE_CURVE('',#806,#804,#474,.T.);
#1027=EDGE_CURVE('',#803,#805,#475,.T.);
#1028=EDGE_CURVE('',#791,#806,#138,.T.);
#1029=EDGE_CURVE('',#805,#792,#139,.T.);
#1030=EDGE_CURVE('',#740,#797,#476,.T.);
#1031=EDGE_CURVE('',#739,#799,#477,.T.);
#1032=EDGE_CURVE('',#741,#795,#478,.T.);
#1033=EDGE_CURVE('',#734,#793,#479,.T.);
#1034=EDGE_CURVE('',#735,#792,#480,.T.);
#1035=EDGE_CURVE('',#807,#808,#481,.T.);
#1036=EDGE_CURVE('',#809,#807,#140,.T.);
#1037=EDGE_CURVE('',#787,#809,#482,.T.);
#1038=EDGE_CURVE('',#808,#790,#141,.T.);
#1039=EDGE_CURVE('',#780,#809,#483,.F.);
#1040=EDGE_CURVE('',#782,#807,#484,.F.);
#1041=EDGE_CURVE('',#784,#808,#485,.F.);
#1042=EDGE_CURVE('',#736,#805,#486,.T.);
#1043=EDGE_CURVE('',#737,#803,#487,.T.);
#1044=EDGE_CURVE('',#738,#801,#488,.T.);
#1045=EDGE_CURVE('',#742,#694,#489,.T.);
#1046=EDGE_CURVE('',#759,#810,#490,.T.);
#1047=EDGE_CURVE('',#810,#761,#46,.T.);
#1048=EDGE_CURVE('',#811,#811,#47,.T.);
#1049=EDGE_CURVE('',#701,#810,#491,.T.);
#1050=EDGE_CURVE('',#811,#703,#492,.T.);
#1051=ORIENTED_EDGE('',*,*,#812,.F.);
#1052=ORIENTED_EDGE('',*,*,#813,.F.);
#1053=ORIENTED_EDGE('',*,*,#814,.F.);
#1054=ORIENTED_EDGE('',*,*,#815,.F.);
#1055=ORIENTED_EDGE('',*,*,#814,.T.);
#1056=ORIENTED_EDGE('',*,*,#816,.F.);
#1057=ORIENTED_EDGE('',*,*,#817,.T.);
#1058=ORIENTED_EDGE('',*,*,#818,.T.);
#1059=ORIENTED_EDGE('',*,*,#819,.T.);
#1060=ORIENTED_EDGE('',*,*,#820,.F.);
#1061=ORIENTED_EDGE('',*,*,#821,.F.);
#1062=ORIENTED_EDGE('',*,*,#822,.T.);
#1063=ORIENTED_EDGE('',*,*,#812,.T.);
#1064=ORIENTED_EDGE('',*,*,#823,.T.);
#1065=ORIENTED_EDGE('',*,*,#824,.T.);
#1066=ORIENTED_EDGE('',*,*,#825,.F.);
#1067=ORIENTED_EDGE('',*,*,#826,.F.);
#1068=ORIENTED_EDGE('',*,*,#827,.T.);
#1069=ORIENTED_EDGE('',*,*,#828,.F.);
#1070=ORIENTED_EDGE('',*,*,#829,.F.);
#1071=ORIENTED_EDGE('',*,*,#830,.T.);
#1072=ORIENTED_EDGE('',*,*,#831,.T.);
#1073=ORIENTED_EDGE('',*,*,#832,.T.);
#1074=ORIENTED_EDGE('',*,*,#833,.F.);
#1075=ORIENTED_EDGE('',*,*,#834,.F.);
#1076=ORIENTED_EDGE('',*,*,#835,.F.);
#1077=ORIENTED_EDGE('',*,*,#836,.F.);
#1078=ORIENTED_EDGE('',*,*,#837,.F.);
#1079=ORIENTED_EDGE('',*,*,#838,.F.);
#1080=ORIENTED_EDGE('',*,*,#839,.F.);
#1081=ORIENTED_EDGE('',*,*,#840,.F.);
#1082=ORIENTED_EDGE('',*,*,#841,.F.);
#1083=ORIENTED_EDGE('',*,*,#842,.T.);
#1084=ORIENTED_EDGE('',*,*,#838,.T.);
#1085=ORIENTED_EDGE('',*,*,#843,.F.);
#1086=ORIENTED_EDGE('',*,*,#844,.F.);
#1087=ORIENTED_EDGE('',*,*,#845,.F.);
#1088=ORIENTED_EDGE('',*,*,#846,.F.);
#1089=ORIENTED_EDGE('',*,*,#847,.F.);
#1090=ORIENTED_EDGE('',*,*,#848,.T.);
#1091=ORIENTED_EDGE('',*,*,#849,.F.);
#1092=ORIENTED_EDGE('',*,*,#850,.T.);
#1093=ORIENTED_EDGE('',*,*,#841,.T.);
#1094=ORIENTED_EDGE('',*,*,#851,.T.);
#1095=ORIENTED_EDGE('',*,*,#852,.T.);
#1096=ORIENTED_EDGE('',*,*,#853,.T.);
#1097=ORIENTED_EDGE('',*,*,#854,.T.);
#1098=ORIENTED_EDGE('',*,*,#855,.T.);
#1099=ORIENTED_EDGE('',*,*,#856,.T.);
#1100=ORIENTED_EDGE('',*,*,#847,.T.);
#1101=ORIENTED_EDGE('',*,*,#857,.F.);
#1102=ORIENTED_EDGE('',*,*,#858,.F.);
#1103=ORIENTED_EDGE('',*,*,#859,.F.);
#1104=ORIENTED_EDGE('',*,*,#860,.F.);
#1105=ORIENTED_EDGE('',*,*,#861,.F.);
#1106=ORIENTED_EDGE('',*,*,#843,.T.);
#1107=ORIENTED_EDGE('',*,*,#862,.T.);
#1108=ORIENTED_EDGE('',*,*,#863,.F.);
#1109=ORIENTED_EDGE('',*,*,#864,.F.);
#1110=ORIENTED_EDGE('',*,*,#865,.F.);
#1111=ORIENTED_EDGE('',*,*,#866,.F.);
#1112=ORIENTED_EDGE('',*,*,#835,.T.);
#1113=ORIENTED_EDGE('',*,*,#867,.T.);
#1114=ORIENTED_EDGE('',*,*,#868,.F.);
#1115=ORIENTED_EDGE('',*,*,#869,.T.);
#1116=ORIENTED_EDGE('',*,*,#870,.F.);
#1117=ORIENTED_EDGE('',*,*,#871,.T.);
#1118=ORIENTED_EDGE('',*,*,#866,.T.);
#1119=ORIENTED_EDGE('',*,*,#872,.T.);
#1120=ORIENTED_EDGE('',*,*,#873,.T.);
#1121=ORIENTED_EDGE('',*,*,#874,.F.);
#1122=ORIENTED_EDGE('',*,*,#875,.F.);
#1123=ORIENTED_EDGE('',*,*,#876,.T.);
#1124=ORIENTED_EDGE('',*,*,#877,.T.);
#1125=ORIENTED_EDGE('',*,*,#878,.T.);
#1126=ORIENTED_EDGE('',*,*,#879,.T.);
#1127=ORIENTED_EDGE('',*,*,#880,.T.);
#1128=ORIENTED_EDGE('',*,*,#878,.F.);
#1129=ORIENTED_EDGE('',*,*,#881,.F.);
#1130=ORIENTED_EDGE('',*,*,#882,.T.);
#1131=ORIENTED_EDGE('',*,*,#883,.F.);
#1132=ORIENTED_EDGE('',*,*,#880,.F.);
#1133=ORIENTED_EDGE('',*,*,#884,.F.);
#1134=ORIENTED_EDGE('',*,*,#854,.F.);
#1135=ORIENTED_EDGE('',*,*,#885,.F.);
#1136=ORIENTED_EDGE('',*,*,#881,.T.);
#1137=ORIENTED_EDGE('',*,*,#877,.F.);
#1138=ORIENTED_EDGE('',*,*,#885,.T.);
#1139=ORIENTED_EDGE('',*,*,#853,.F.);
#1140=ORIENTED_EDGE('',*,*,#886,.F.);
#1141=ORIENTED_EDGE('',*,*,#887,.T.);
#1142=ORIENTED_EDGE('',*,*,#888,.T.);
#1143=ORIENTED_EDGE('',*,*,#889,.F.);
#1144=ORIENTED_EDGE('',*,*,#890,.F.);
#1145=ORIENTED_EDGE('',*,*,#891,.T.);
#1146=ORIENTED_EDGE('',*,*,#892,.T.);
#1147=ORIENTED_EDGE('',*,*,#893,.T.);
#1148=ORIENTED_EDGE('',*,*,#894,.T.);
#1149=ORIENTED_EDGE('',*,*,#850,.F.);
#1150=ORIENTED_EDGE('',*,*,#895,.F.);
#1151=ORIENTED_EDGE('',*,*,#873,.F.);
#1152=ORIENTED_EDGE('',*,*,#834,.T.);
#1153=ORIENTED_EDGE('',*,*,#896,.F.);
#1154=ORIENTED_EDGE('',*,*,#863,.T.);
#1155=ORIENTED_EDGE('',*,*,#871,.F.);
#1156=ORIENTED_EDGE('',*,*,#897,.F.);
#1157=ORIENTED_EDGE('',*,*,#898,.F.);
#1158=ORIENTED_EDGE('',*,*,#899,.F.);
#1159=ORIENTED_EDGE('',*,*,#900,.F.);
#1160=ORIENTED_EDGE('',*,*,#901,.F.);
#1161=ORIENTED_EDGE('',*,*,#867,.F.);
#1162=ORIENTED_EDGE('',*,*,#902,.F.);
#1163=ORIENTED_EDGE('',*,*,#903,.T.);
#1164=ORIENTED_EDGE('',*,*,#904,.F.);
#1165=ORIENTED_EDGE('',*,*,#905,.T.);
#1166=ORIENTED_EDGE('',*,*,#906,.F.);
#1167=ORIENTED_EDGE('',*,*,#907,.T.);
#1168=ORIENTED_EDGE('',*,*,#908,.F.);
#1169=ORIENTED_EDGE('',*,*,#909,.T.);
#1170=ORIENTED_EDGE('',*,*,#910,.F.);
#1171=ORIENTED_EDGE('',*,*,#894,.F.);
#1172=ORIENTED_EDGE('',*,*,#872,.F.);
#1173=ORIENTED_EDGE('',*,*,#865,.T.);
#1174=ORIENTED_EDGE('',*,*,#911,.F.);
#1175=ORIENTED_EDGE('',*,*,#836,.T.);
#1176=ORIENTED_EDGE('',*,*,#876,.F.);
#1177=ORIENTED_EDGE('',*,*,#912,.F.);
#1178=ORIENTED_EDGE('',*,*,#823,.F.);
#1179=ORIENTED_EDGE('',*,*,#815,.T.);
#1180=ORIENTED_EDGE('',*,*,#822,.F.);
#1181=ORIENTED_EDGE('',*,*,#913,.T.);
#1182=ORIENTED_EDGE('',*,*,#887,.F.);
#1183=ORIENTED_EDGE('',*,*,#914,.T.);
#1184=ORIENTED_EDGE('',*,*,#915,.F.);
#1185=ORIENTED_EDGE('',*,*,#839,.T.);
#1186=ORIENTED_EDGE('',*,*,#842,.F.);
#1187=ORIENTED_EDGE('',*,*,#813,.T.);
#1188=ORIENTED_EDGE('',*,*,#833,.T.);
#1189=ORIENTED_EDGE('',*,*,#916,.T.);
#1190=ORIENTED_EDGE('',*,*,#816,.T.);
#1191=ORIENTED_EDGE('',*,*,#917,.F.);
#1192=ORIENTED_EDGE('',*,*,#918,.T.);
#1193=ORIENTED_EDGE('',*,*,#919,.F.);
#1194=ORIENTED_EDGE('',*,*,#920,.T.);
#1195=ORIENTED_EDGE('',*,*,#883,.T.);
#1196=ORIENTED_EDGE('',*,*,#921,.T.);
#1197=ORIENTED_EDGE('',*,*,#922,.T.);
#1198=ORIENTED_EDGE('',*,*,#923,.T.);
#1199=ORIENTED_EDGE('',*,*,#924,.T.);
#1200=ORIENTED_EDGE('',*,*,#925,.F.);
#1201=ORIENTED_EDGE('',*,*,#920,.F.);
#1202=ORIENTED_EDGE('',*,*,#926,.T.);
#1203=ORIENTED_EDGE('',*,*,#927,.T.);
#1204=ORIENTED_EDGE('',*,*,#928,.F.);
#1205=ORIENTED_EDGE('',*,*,#929,.F.);
#1206=ORIENTED_EDGE('',*,*,#855,.F.);
#1207=ORIENTED_EDGE('',*,*,#884,.T.);
#1208=ORIENTED_EDGE('',*,*,#879,.F.);
#1209=ORIENTED_EDGE('',*,*,#930,.T.);
#1210=ORIENTED_EDGE('',*,*,#931,.T.);
#1211=ORIENTED_EDGE('',*,*,#932,.T.);
#1212=ORIENTED_EDGE('',*,*,#828,.T.);
#1213=ORIENTED_EDGE('',*,*,#933,.T.);
#1214=ORIENTED_EDGE('',*,*,#934,.T.);
#1215=ORIENTED_EDGE('',*,*,#897,.T.);
#1216=ORIENTED_EDGE('',*,*,#870,.T.);
#1217=ORIENTED_EDGE('',*,*,#934,.F.);
#1218=ORIENTED_EDGE('',*,*,#935,.F.);
#1219=ORIENTED_EDGE('',*,*,#936,.F.);
#1220=ORIENTED_EDGE('',*,*,#898,.T.);
#1221=ORIENTED_EDGE('',*,*,#937,.T.);
#1222=ORIENTED_EDGE('',*,*,#868,.T.);
#1223=ORIENTED_EDGE('',*,*,#901,.T.);
#1224=ORIENTED_EDGE('',*,*,#938,.T.);
#1225=ORIENTED_EDGE('',*,*,#939,.T.);
#1226=ORIENTED_EDGE('',*,*,#844,.T.);
#1227=ORIENTED_EDGE('',*,*,#861,.T.);
#1228=ORIENTED_EDGE('',*,*,#940,.T.);
#1229=ORIENTED_EDGE('',*,*,#941,.T.);
#1230=ORIENTED_EDGE('',*,*,#942,.T.);
#1231=ORIENTED_EDGE('',*,*,#857,.T.);
#1232=ORIENTED_EDGE('',*,*,#846,.T.);
#1233=ORIENTED_EDGE('',*,*,#942,.F.);
#1234=ORIENTED_EDGE('',*,*,#943,.F.);
#1235=ORIENTED_EDGE('',*,*,#944,.F.);
#1236=ORIENTED_EDGE('',*,*,#858,.T.);
#1237=ORIENTED_EDGE('',*,*,#912,.T.);
#1238=ORIENTED_EDGE('',*,*,#875,.T.);
#1239=ORIENTED_EDGE('',*,*,#945,.F.);
#1240=ORIENTED_EDGE('',*,*,#824,.F.);
#1241=ORIENTED_EDGE('',*,*,#938,.F.);
#1242=ORIENTED_EDGE('',*,*,#900,.T.);
#1243=ORIENTED_EDGE('',*,*,#946,.T.);
#1244=ORIENTED_EDGE('',*,*,#947,.F.);
#1245=ORIENTED_EDGE('',*,*,#899,.T.);
#1246=ORIENTED_EDGE('',*,*,#936,.T.);
#1247=ORIENTED_EDGE('',*,*,#948,.F.);
#1248=ORIENTED_EDGE('',*,*,#946,.F.);
#1249=ORIENTED_EDGE('',*,*,#949,.T.);
#1250=ORIENTED_EDGE('',*,*,#890,.T.);
#1251=ORIENTED_EDGE('',*,*,#950,.F.);
#1252=ORIENTED_EDGE('',*,*,#924,.F.);
#1253=ORIENTED_EDGE('',*,*,#918,.F.);
#1254=ORIENTED_EDGE('',*,*,#951,.T.);
#1255=ORIENTED_EDGE('',*,*,#952,.T.);
#1256=ORIENTED_EDGE('',*,*,#953,.F.);
#1257=ORIENTED_EDGE('',*,*,#931,.F.);
#1258=ORIENTED_EDGE('',*,*,#954,.F.);
#1259=ORIENTED_EDGE('',*,*,#955,.F.);
#1260=ORIENTED_EDGE('',*,*,#956,.T.);
#1261=ORIENTED_EDGE('',*,*,#923,.F.);
#1262=ORIENTED_EDGE('',*,*,#957,.F.);
#1263=ORIENTED_EDGE('',*,*,#891,.F.);
#1264=ORIENTED_EDGE('',*,*,#949,.F.);
#1265=ORIENTED_EDGE('',*,*,#869,.F.);
#1266=ORIENTED_EDGE('',*,*,#937,.F.);
#1267=ORIENTED_EDGE('',*,*,#947,.T.);
#1268=ORIENTED_EDGE('',*,*,#948,.T.);
#1269=ORIENTED_EDGE('',*,*,#935,.T.);
#1270=ORIENTED_EDGE('',*,*,#933,.F.);
#1271=ORIENTED_EDGE('',*,*,#958,.T.);
#1272=ORIENTED_EDGE('',*,*,#958,.F.);
#1273=ORIENTED_EDGE('',*,*,#959,.T.);
#1274=ORIENTED_EDGE('',*,*,#902,.T.);
#1275=ORIENTED_EDGE('',*,*,#959,.F.);
#1276=ORIENTED_EDGE('',*,*,#837,.T.);
#1277=ORIENTED_EDGE('',*,*,#911,.T.);
#1278=ORIENTED_EDGE('',*,*,#864,.T.);
#1279=ORIENTED_EDGE('',*,*,#896,.T.);
#1280=ORIENTED_EDGE('',*,*,#960,.F.);
#1281=ORIENTED_EDGE('',*,*,#926,.F.);
#1282=ORIENTED_EDGE('',*,*,#919,.T.);
#1283=ORIENTED_EDGE('',*,*,#953,.T.);
#1284=ORIENTED_EDGE('',*,*,#961,.T.);
#1285=ORIENTED_EDGE('',*,*,#954,.T.);
#1286=ORIENTED_EDGE('',*,*,#930,.F.);
#1287=ORIENTED_EDGE('',*,*,#827,.F.);
#1288=ORIENTED_EDGE('',*,*,#962,.T.);
#1289=ORIENTED_EDGE('',*,*,#962,.F.);
#1290=ORIENTED_EDGE('',*,*,#963,.T.);
#1291=ORIENTED_EDGE('',*,*,#964,.F.);
#1292=ORIENTED_EDGE('',*,*,#963,.F.);
#1293=ORIENTED_EDGE('',*,*,#965,.T.);
#1294=ORIENTED_EDGE('',*,*,#955,.T.);
#1295=ORIENTED_EDGE('',*,*,#961,.F.);
#1296=ORIENTED_EDGE('',*,*,#952,.F.);
#1297=ORIENTED_EDGE('',*,*,#917,.T.);
#1298=ORIENTED_EDGE('',*,*,#925,.T.);
#1299=ORIENTED_EDGE('',*,*,#950,.T.);
#1300=ORIENTED_EDGE('',*,*,#889,.T.);
#1301=ORIENTED_EDGE('',*,*,#966,.T.);
#1302=ORIENTED_EDGE('',*,*,#820,.T.);
#1303=ORIENTED_EDGE('',*,*,#967,.T.);
#1304=ORIENTED_EDGE('',*,*,#829,.T.);
#1305=ORIENTED_EDGE('',*,*,#932,.F.);
#1306=ORIENTED_EDGE('',*,*,#956,.F.);
#1307=ORIENTED_EDGE('',*,*,#965,.F.);
#1308=ORIENTED_EDGE('',*,*,#951,.F.);
#1309=ORIENTED_EDGE('',*,*,#964,.T.);
#1310=ORIENTED_EDGE('',*,*,#922,.F.);
#1311=ORIENTED_EDGE('',*,*,#968,.F.);
#1312=ORIENTED_EDGE('',*,*,#892,.F.);
#1313=ORIENTED_EDGE('',*,*,#957,.T.);
#1314=ORIENTED_EDGE('',*,*,#921,.F.);
#1315=ORIENTED_EDGE('',*,*,#882,.F.);
#1316=ORIENTED_EDGE('',*,*,#893,.F.);
#1317=ORIENTED_EDGE('',*,*,#968,.T.);
#1318=ORIENTED_EDGE('',*,*,#819,.F.);
#1319=ORIENTED_EDGE('',*,*,#969,.T.);
#1320=ORIENTED_EDGE('',*,*,#830,.F.);
#1321=ORIENTED_EDGE('',*,*,#967,.F.);
#1322=ORIENTED_EDGE('',*,*,#832,.F.);
#1323=ORIENTED_EDGE('',*,*,#970,.T.);
#1324=ORIENTED_EDGE('',*,*,#817,.F.);
#1325=ORIENTED_EDGE('',*,*,#916,.F.);
#1326=ORIENTED_EDGE('',*,*,#970,.F.);
#1327=ORIENTED_EDGE('',*,*,#831,.F.);
#1328=ORIENTED_EDGE('',*,*,#969,.F.);
#1329=ORIENTED_EDGE('',*,*,#818,.F.);
#1330=ORIENTED_EDGE('',*,*,#971,.T.);
#1331=ORIENTED_EDGE('',*,*,#972,.T.);
#1332=ORIENTED_EDGE('',*,*,#973,.T.);
#1333=ORIENTED_EDGE('',*,*,#974,.T.);
#1334=ORIENTED_EDGE('',*,*,#975,.T.);
#1335=ORIENTED_EDGE('',*,*,#976,.T.);
#1336=ORIENTED_EDGE('',*,*,#971,.F.);
#1337=ORIENTED_EDGE('',*,*,#977,.T.);
#1338=ORIENTED_EDGE('',*,*,#978,.T.);
#1339=ORIENTED_EDGE('',*,*,#979,.T.);
#1340=ORIENTED_EDGE('',*,*,#975,.F.);
#1341=ORIENTED_EDGE('',*,*,#980,.T.);
#1342=ORIENTED_EDGE('',*,*,#981,.T.);
#1343=ORIENTED_EDGE('',*,*,#982,.T.);
#1344=ORIENTED_EDGE('',*,*,#978,.F.);
#1345=ORIENTED_EDGE('',*,*,#983,.T.);
#1346=ORIENTED_EDGE('',*,*,#984,.T.);
#1347=ORIENTED_EDGE('',*,*,#985,.T.);
#1348=ORIENTED_EDGE('',*,*,#981,.F.);
#1349=ORIENTED_EDGE('',*,*,#986,.T.);
#1350=ORIENTED_EDGE('',*,*,#987,.T.);
#1351=ORIENTED_EDGE('',*,*,#988,.T.);
#1352=ORIENTED_EDGE('',*,*,#984,.F.);
#1353=ORIENTED_EDGE('',*,*,#989,.T.);
#1354=ORIENTED_EDGE('',*,*,#990,.T.);
#1355=ORIENTED_EDGE('',*,*,#991,.T.);
#1356=ORIENTED_EDGE('',*,*,#987,.F.);
#1357=ORIENTED_EDGE('',*,*,#992,.T.);
#1358=ORIENTED_EDGE('',*,*,#973,.F.);
#1359=ORIENTED_EDGE('',*,*,#993,.T.);
#1360=ORIENTED_EDGE('',*,*,#990,.F.);
#1361=ORIENTED_EDGE('',*,*,#994,.T.);
#1362=ORIENTED_EDGE('',*,*,#983,.F.);
#1363=ORIENTED_EDGE('',*,*,#995,.T.);
#1364=ORIENTED_EDGE('',*,*,#996,.T.);
#1365=ORIENTED_EDGE('',*,*,#997,.F.);
#1366=ORIENTED_EDGE('',*,*,#980,.F.);
#1367=ORIENTED_EDGE('',*,*,#998,.T.);
#1368=ORIENTED_EDGE('',*,*,#999,.T.);
#1369=ORIENTED_EDGE('',*,*,#995,.F.);
#1370=ORIENTED_EDGE('',*,*,#977,.F.);
#1371=ORIENTED_EDGE('',*,*,#1000,.T.);
#1372=ORIENTED_EDGE('',*,*,#1001,.T.);
#1373=ORIENTED_EDGE('',*,*,#998,.F.);
#1374=ORIENTED_EDGE('',*,*,#974,.F.);
#1375=ORIENTED_EDGE('',*,*,#1002,.T.);
#1376=ORIENTED_EDGE('',*,*,#1003,.T.);
#1377=ORIENTED_EDGE('',*,*,#1000,.F.);
#1378=ORIENTED_EDGE('',*,*,#972,.F.);
#1379=ORIENTED_EDGE('',*,*,#976,.F.);
#1380=ORIENTED_EDGE('',*,*,#979,.F.);
#1381=ORIENTED_EDGE('',*,*,#982,.F.);
#1382=ORIENTED_EDGE('',*,*,#985,.F.);
#1383=ORIENTED_EDGE('',*,*,#988,.F.);
#1384=ORIENTED_EDGE('',*,*,#991,.F.);
#1385=ORIENTED_EDGE('',*,*,#993,.F.);
#1386=ORIENTED_EDGE('',*,*,#849,.T.);
#1387=ORIENTED_EDGE('',*,*,#1004,.T.);
#1388=ORIENTED_EDGE('',*,*,#928,.T.);
#1389=ORIENTED_EDGE('',*,*,#1005,.T.);
#1390=ORIENTED_EDGE('',*,*,#825,.T.);
#1391=ORIENTED_EDGE('',*,*,#945,.T.);
#1392=ORIENTED_EDGE('',*,*,#874,.T.);
#1393=ORIENTED_EDGE('',*,*,#895,.T.);
#1394=ORIENTED_EDGE('',*,*,#1006,.T.);
#1395=ORIENTED_EDGE('',*,*,#1007,.T.);
#1396=ORIENTED_EDGE('',*,*,#1008,.T.);
#1397=ORIENTED_EDGE('',*,*,#1009,.T.);
#1398=ORIENTED_EDGE('',*,*,#1010,.T.);
#1399=ORIENTED_EDGE('',*,*,#1011,.T.);
#1400=ORIENTED_EDGE('',*,*,#1008,.F.);
#1401=ORIENTED_EDGE('',*,*,#1012,.T.);
#1402=ORIENTED_EDGE('',*,*,#1013,.T.);
#1403=ORIENTED_EDGE('',*,*,#1014,.T.);
#1404=ORIENTED_EDGE('',*,*,#1010,.F.);
#1405=ORIENTED_EDGE('',*,*,#1015,.T.);
#1406=ORIENTED_EDGE('',*,*,#1016,.T.);
#1407=ORIENTED_EDGE('',*,*,#1017,.T.);
#1408=ORIENTED_EDGE('',*,*,#1013,.F.);
#1409=ORIENTED_EDGE('',*,*,#1018,.T.);
#1410=ORIENTED_EDGE('',*,*,#1019,.T.);
#1411=ORIENTED_EDGE('',*,*,#1020,.T.);
#1412=ORIENTED_EDGE('',*,*,#1016,.F.);
#1413=ORIENTED_EDGE('',*,*,#1021,.T.);
#1414=ORIENTED_EDGE('',*,*,#1022,.T.);
#1415=ORIENTED_EDGE('',*,*,#1023,.T.);
#1416=ORIENTED_EDGE('',*,*,#1019,.F.);
#1417=ORIENTED_EDGE('',*,*,#1024,.T.);
#1418=ORIENTED_EDGE('',*,*,#1025,.T.);
#1419=ORIENTED_EDGE('',*,*,#1026,.T.);
#1420=ORIENTED_EDGE('',*,*,#1022,.F.);
#1421=ORIENTED_EDGE('',*,*,#1027,.T.);
#1422=ORIENTED_EDGE('',*,*,#1006,.F.);
#1423=ORIENTED_EDGE('',*,*,#1028,.T.);
#1424=ORIENTED_EDGE('',*,*,#1025,.F.);
#1425=ORIENTED_EDGE('',*,*,#1029,.T.);
#1426=ORIENTED_EDGE('',*,*,#1018,.F.);
#1427=ORIENTED_EDGE('',*,*,#1030,.F.);
#1428=ORIENTED_EDGE('',*,*,#908,.T.);
#1429=ORIENTED_EDGE('',*,*,#1031,.T.);
#1430=ORIENTED_EDGE('',*,*,#1015,.F.);
#1431=ORIENTED_EDGE('',*,*,#1032,.F.);
#1432=ORIENTED_EDGE('',*,*,#909,.F.);
#1433=ORIENTED_EDGE('',*,*,#1030,.T.);
#1434=ORIENTED_EDGE('',*,*,#1012,.F.);
#1435=ORIENTED_EDGE('',*,*,#1033,.F.);
#1436=ORIENTED_EDGE('',*,*,#910,.T.);
#1437=ORIENTED_EDGE('',*,*,#1032,.T.);
#1438=ORIENTED_EDGE('',*,*,#1007,.F.);
#1439=ORIENTED_EDGE('',*,*,#1034,.F.);
#1440=ORIENTED_EDGE('',*,*,#903,.F.);
#1441=ORIENTED_EDGE('',*,*,#1033,.T.);
#1442=ORIENTED_EDGE('',*,*,#1009,.F.);
#1443=ORIENTED_EDGE('',*,*,#1011,.F.);
#1444=ORIENTED_EDGE('',*,*,#1014,.F.);
#1445=ORIENTED_EDGE('',*,*,#1017,.F.);
#1446=ORIENTED_EDGE('',*,*,#1020,.F.);
#1447=ORIENTED_EDGE('',*,*,#1023,.F.);
#1448=ORIENTED_EDGE('',*,*,#1026,.F.);
#1449=ORIENTED_EDGE('',*,*,#1028,.F.);
#1450=ORIENTED_EDGE('',*,*,#1035,.F.);
#1451=ORIENTED_EDGE('',*,*,#1036,.F.);
#1452=ORIENTED_EDGE('',*,*,#1037,.F.);
#1453=ORIENTED_EDGE('',*,*,#996,.F.);
#1454=ORIENTED_EDGE('',*,*,#999,.F.);
#1455=ORIENTED_EDGE('',*,*,#1001,.F.);
#1456=ORIENTED_EDGE('',*,*,#1003,.F.);
#1457=ORIENTED_EDGE('',*,*,#1038,.F.);
#1458=ORIENTED_EDGE('',*,*,#986,.F.);
#1459=ORIENTED_EDGE('',*,*,#997,.T.);
#1460=ORIENTED_EDGE('',*,*,#1037,.T.);
#1461=ORIENTED_EDGE('',*,*,#1039,.F.);
#1462=ORIENTED_EDGE('',*,*,#989,.F.);
#1463=ORIENTED_EDGE('',*,*,#1039,.T.);
#1464=ORIENTED_EDGE('',*,*,#1036,.T.);
#1465=ORIENTED_EDGE('',*,*,#1040,.F.);
#1466=ORIENTED_EDGE('',*,*,#992,.F.);
#1467=ORIENTED_EDGE('',*,*,#1040,.T.);
#1468=ORIENTED_EDGE('',*,*,#1035,.T.);
#1469=ORIENTED_EDGE('',*,*,#1041,.F.);
#1470=ORIENTED_EDGE('',*,*,#994,.F.);
#1471=ORIENTED_EDGE('',*,*,#1041,.T.);
#1472=ORIENTED_EDGE('',*,*,#1038,.T.);
#1473=ORIENTED_EDGE('',*,*,#1002,.F.);
#1474=ORIENTED_EDGE('',*,*,#1029,.F.);
#1475=ORIENTED_EDGE('',*,*,#1042,.F.);
#1476=ORIENTED_EDGE('',*,*,#904,.T.);
#1477=ORIENTED_EDGE('',*,*,#1034,.T.);
#1478=ORIENTED_EDGE('',*,*,#1027,.F.);
#1479=ORIENTED_EDGE('',*,*,#1043,.F.);
#1480=ORIENTED_EDGE('',*,*,#905,.F.);
#1481=ORIENTED_EDGE('',*,*,#1042,.T.);
#1482=ORIENTED_EDGE('',*,*,#1024,.F.);
#1483=ORIENTED_EDGE('',*,*,#1044,.F.);
#1484=ORIENTED_EDGE('',*,*,#906,.T.);
#1485=ORIENTED_EDGE('',*,*,#1043,.T.);
#1486=ORIENTED_EDGE('',*,*,#1021,.F.);
#1487=ORIENTED_EDGE('',*,*,#1031,.F.);
#1488=ORIENTED_EDGE('',*,*,#907,.F.);
#1489=ORIENTED_EDGE('',*,*,#1044,.T.);
#1490=ORIENTED_EDGE('',*,*,#848,.F.);
#1491=ORIENTED_EDGE('',*,*,#856,.F.);
#1492=ORIENTED_EDGE('',*,*,#929,.T.);
#1493=ORIENTED_EDGE('',*,*,#1004,.F.);
#1494=ORIENTED_EDGE('',*,*,#960,.T.);
#1495=ORIENTED_EDGE('',*,*,#826,.T.);
#1496=ORIENTED_EDGE('',*,*,#1005,.F.);
#1497=ORIENTED_EDGE('',*,*,#927,.F.);
#1498=ORIENTED_EDGE('',*,*,#913,.F.);
#1499=ORIENTED_EDGE('',*,*,#821,.T.);
#1500=ORIENTED_EDGE('',*,*,#966,.F.);
#1501=ORIENTED_EDGE('',*,*,#888,.F.);
#1502=ORIENTED_EDGE('',*,*,#914,.F.);
#1503=ORIENTED_EDGE('',*,*,#886,.T.);
#1504=ORIENTED_EDGE('',*,*,#852,.F.);
#1505=ORIENTED_EDGE('',*,*,#1045,.F.);
#1506=ORIENTED_EDGE('',*,*,#845,.T.);
#1507=ORIENTED_EDGE('',*,*,#939,.F.);
#1508=ORIENTED_EDGE('',*,*,#1046,.T.);
#1509=ORIENTED_EDGE('',*,*,#1047,.T.);
#1510=ORIENTED_EDGE('',*,*,#943,.T.);
#1511=ORIENTED_EDGE('',*,*,#941,.F.);
#1512=ORIENTED_EDGE('',*,*,#1048,.T.);
#1513=ORIENTED_EDGE('',*,*,#940,.F.);
#1514=ORIENTED_EDGE('',*,*,#860,.T.);
#1515=ORIENTED_EDGE('',*,*,#1049,.T.);
#1516=ORIENTED_EDGE('',*,*,#1046,.F.);
#1517=ORIENTED_EDGE('',*,*,#1048,.F.);
#1518=ORIENTED_EDGE('',*,*,#1050,.T.);
#1519=ORIENTED_EDGE('',*,*,#862,.F.);
#1520=ORIENTED_EDGE('',*,*,#1050,.F.);
#1521=ORIENTED_EDGE('',*,*,#840,.T.);
#1522=ORIENTED_EDGE('',*,*,#915,.T.);
#1523=ORIENTED_EDGE('',*,*,#1045,.T.);
#1524=ORIENTED_EDGE('',*,*,#851,.F.);
#1525=ORIENTED_EDGE('',*,*,#859,.T.);
#1526=ORIENTED_EDGE('',*,*,#944,.T.);
#1527=ORIENTED_EDGE('',*,*,#1047,.F.);
#1528=ORIENTED_EDGE('',*,*,#1049,.F.);
#1529=PLANE('',#1681);
#1530=PLANE('',#1682);
#1531=PLANE('',#1683);
#1532=PLANE('',#1684);
#1533=PLANE('',#1685);
#1534=PLANE('',#1686);
#1535=PLANE('',#1687);
#1536=PLANE('',#1694);
#1537=PLANE('',#1695);
#1538=PLANE('',#1699);
#1539=PLANE('',#1700);
#1540=PLANE('',#1701);
#1541=PLANE('',#1707);
#1542=PLANE('',#1712);
#1543=PLANE('',#1720);
#1544=PLANE('',#1724);
#1545=PLANE('',#1732);
#1546=PLANE('',#1739);
#1547=PLANE('',#1742);
#1548=PLANE('',#1745);
#1549=PLANE('',#1746);
#1550=PLANE('',#1747);
#1551=PLANE('',#1749);
#1552=PLANE('',#1752);
#1553=PLANE('',#1753);
#1554=PLANE('',#1761);
#1555=PLANE('',#1763);
#1556=PLANE('',#1765);
#1557=PLANE('',#1766);
#1558=PLANE('',#1767);
#1559=PLANE('',#1768);
#1560=PLANE('',#1772);
#1561=PLANE('',#1776);
#1562=PLANE('',#1780);
#1563=PLANE('',#1786);
#1564=PLANE('',#1789);
#1565=PLANE('',#1790);
#1566=PLANE('',#1818);
#1567=PLANE('',#1820);
#1568=PLANE('',#1821);
#1569=PLANE('',#1822);
#1570=PLANE('',#1825);
#1571=PLANE('',#1827);
#1572=PLANE('',#1830);
#1573=PLANE('',#1832);
#1574=PLANE('',#1837);
#1575=PLANE('',#1840);
#1576=PLANE('',#1842);
#1577=ADVANCED_FACE('',(#142),#1529,.F.);
#1578=ADVANCED_FACE('',(#143),#1530,.T.);
#1579=ADVANCED_FACE('',(#144),#1531,.T.);
#1580=ADVANCED_FACE('',(#145),#1532,.F.);
#1581=ADVANCED_FACE('',(#146),#1533,.F.);
#1582=ADVANCED_FACE('',(#147),#1534,.T.);
#1583=ADVANCED_FACE('',(#148,#73),#1535,.F.);
#1584=ADVANCED_FACE('',(#149),#1536,.F.);
#1585=ADVANCED_FACE('',(#150),#1537,.T.);
#1586=ADVANCED_FACE('',(#151),#48,.F.);
#1587=ADVANCED_FACE('',(#152),#1538,.F.);
#1588=ADVANCED_FACE('',(#153),#1539,.F.);
#1589=ADVANCED_FACE('',(#154),#1540,.T.);
#1590=ADVANCED_FACE('',(#155),#49,.F.);
#1591=ADVANCED_FACE('',(#156,#74),#1541,.F.);
#1592=ADVANCED_FACE('',(#157,#75),#1542,.F.);
#1593=ADVANCED_FACE('',(#158),#1543,.T.);
#1594=ADVANCED_FACE('',(#159),#50,.F.);
#1595=ADVANCED_FACE('',(#160),#1544,.T.);
#1596=ADVANCED_FACE('',(#161),#51,.F.);
#1597=ADVANCED_FACE('',(#162),#52,.F.);
#1598=ADVANCED_FACE('',(#163),#1545,.T.);
#1599=ADVANCED_FACE('',(#164),#53,.F.);
#1600=ADVANCED_FACE('',(#165),#54,.F.);
#1601=ADVANCED_FACE('',(#166),#55,.F.);
#1602=ADVANCED_FACE('',(#167),#1546,.T.);
#1603=ADVANCED_FACE('',(#168),#56,.F.);
#1604=ADVANCED_FACE('',(#169),#1547,.T.);
#1605=ADVANCED_FACE('',(#170),#57,.T.);
#1606=ADVANCED_FACE('',(#171),#1548,.T.);
#1607=ADVANCED_FACE('',(#172),#1549,.T.);
#1608=ADVANCED_FACE('',(#173),#1550,.T.);
#1609=ADVANCED_FACE('',(#174),#58,.F.);
#1610=ADVANCED_FACE('',(#175,#76),#1551,.T.);
#1611=ADVANCED_FACE('',(#176),#59,.F.);
#1612=ADVANCED_FACE('',(#177),#1552,.T.);
#1613=ADVANCED_FACE('',(#178,#77),#1553,.T.);
#1614=ADVANCED_FACE('',(#179),#60,.F.);
#1615=ADVANCED_FACE('',(#180),#61,.T.);
#1616=ADVANCED_FACE('',(#181,#78),#1554,.F.);
#1617=ADVANCED_FACE('',(#182),#1555,.F.);
#1618=ADVANCED_FACE('',(#183),#62,.F.);
#1619=ADVANCED_FACE('',(#184),#1556,.F.);
#1620=ADVANCED_FACE('',(#185),#1557,.F.);
#1621=ADVANCED_FACE('',(#186),#1558,.F.);
#1622=ADVANCED_FACE('',(#187),#1559,.T.);
#1623=ADVANCED_FACE('',(#188),#23,.F.);
#1624=ADVANCED_FACE('',(#189),#1560,.T.);
#1625=ADVANCED_FACE('',(#190),#24,.F.);
#1626=ADVANCED_FACE('',(#191),#1561,.T.);
#1627=ADVANCED_FACE('',(#192),#25,.F.);
#1628=ADVANCED_FACE('',(#193),#1562,.T.);
#1629=ADVANCED_FACE('',(#194),#26,.F.);
#1630=ADVANCED_FACE('',(#195),#27,.F.);
#1631=ADVANCED_FACE('',(#196),#1563,.T.);
#1632=ADVANCED_FACE('',(#197),#28,.F.);
#1633=ADVANCED_FACE('',(#198),#1564,.T.);
#1634=ADVANCED_FACE('',(#199,#79),#1565,.T.);
#1635=ADVANCED_FACE('',(#200),#63,.T.);
#1636=ADVANCED_FACE('',(#201),#19,.T.);
#1637=ADVANCED_FACE('',(#202),#64,.T.);
#1638=ADVANCED_FACE('',(#203),#20,.T.);
#1639=ADVANCED_FACE('',(#204),#65,.T.);
#1640=ADVANCED_FACE('',(#205),#21,.T.);
#1641=ADVANCED_FACE('',(#206),#66,.T.);
#1642=ADVANCED_FACE('',(#207),#22,.T.);
#1643=ADVANCED_FACE('',(#208),#29,.T.);
#1644=ADVANCED_FACE('',(#209),#1566,.T.);
#1645=ADVANCED_FACE('',(#210),#30,.T.);
#1646=ADVANCED_FACE('',(#211),#1567,.T.);
#1647=ADVANCED_FACE('',(#212),#1568,.T.);
#1648=ADVANCED_FACE('',(#213),#1569,.F.);
#1649=ADVANCED_FACE('',(#214),#1570,.T.);
#1650=ADVANCED_FACE('',(#215),#31,.F.);
#1651=ADVANCED_FACE('',(#216),#1571,.T.);
#1652=ADVANCED_FACE('',(#217),#32,.F.);
#1653=ADVANCED_FACE('',(#218),#33,.T.);
#1654=ADVANCED_FACE('',(#219),#1572,.T.);
#1655=ADVANCED_FACE('',(#220),#34,.T.);
#1656=ADVANCED_FACE('',(#221),#1573,.T.);
#1657=ADVANCED_FACE('',(#222),#67,.F.);
#1658=ADVANCED_FACE('',(#223),#68,.F.);
#1659=ADVANCED_FACE('',(#224),#69,.T.);
#1660=ADVANCED_FACE('',(#225),#70,.T.);
#1661=ADVANCED_FACE('',(#226,#80),#1574,.T.);
#1662=ADVANCED_FACE('',(#227),#1575,.T.);
#1663=ADVANCED_FACE('',(#228),#71,.F.);
#1664=ADVANCED_FACE('',(#229),#1576,.T.);
#1665=ADVANCED_FACE('',(#230),#72,.T.);
#1666=CLOSED_SHELL('',(#1577,#1578,#1579,#1580,#1581,#1582,#1583,#1584,
#1585,#1586,#1587,#1588,#1589,#1590,#1591,#1592,#1593,#1594,#1595,#1596,
#1597,#1598,#1599,#1600,#1601,#1602,#1603,#1604,#1605,#1606,#1607,#1608,
#1609,#1610,#1611,#1612,#1613,#1614,#1615,#1616,#1617,#1618,#1619,#1620,
#1621,#1622,#1623,#1624,#1625,#1626,#1627,#1628,#1629,#1630,#1631,#1632,
#1633,#1634,#1635,#1636,#1637,#1638,#1639,#1640,#1641,#1642,#1643,#1644,
#1645,#1646,#1647,#1648,#1649,#1650,#1651,#1652,#1653,#1654,#1655,#1656,
#1657,#1658,#1659,#1660,#1661,#1662,#1663,#1664,#1665));
#1667=DERIVED_UNIT_ELEMENT(#1669,1.);
#1668=DERIVED_UNIT_ELEMENT(#2834,-3.);
#1669=(
MASS_UNIT()
NAMED_UNIT(*)
SI_UNIT(.KILO.,.GRAM.)
);
#1670=DERIVED_UNIT((#1667,#1668));
#1671=MEASURE_REPRESENTATION_ITEM('density measure',
POSITIVE_RATIO_MEASURE(7850.),#1670);
#1672=PROPERTY_DEFINITION_REPRESENTATION(#1677,#1674);
#1673=PROPERTY_DEFINITION_REPRESENTATION(#1678,#1675);
#1674=REPRESENTATION('material name',(#1676),#2831);
#1675=REPRESENTATION('density',(#1671),#2831);
#1676=DESCRIPTIVE_REPRESENTATION_ITEM('Steel','Steel');
#1677=PROPERTY_DEFINITION('material property','material name',#2846);
#1678=PROPERTY_DEFINITION('material property','density of part',#2846);
#1679=AXIS2_PLACEMENT_3D('',#2342,#1845,#1846);
#1680=AXIS2_PLACEMENT_3D('',#2343,#1847,#1848);
#1681=AXIS2_PLACEMENT_3D('',#2344,#1849,#1850);
#1682=AXIS2_PLACEMENT_3D('',#2353,#1855,#1856);
#1683=AXIS2_PLACEMENT_3D('',#2367,#1864,#1865);
#1684=AXIS2_PLACEMENT_3D('',#2389,#1877,#1878);
#1685=AXIS2_PLACEMENT_3D('',#2398,#1883,#1884);
#1686=AXIS2_PLACEMENT_3D('',#2407,#1889,#1890);
#1687=AXIS2_PLACEMENT_3D('',#2425,#1900,#1901);
#1688=AXIS2_PLACEMENT_3D('',#2429,#1903,#1904);
#1689=AXIS2_PLACEMENT_3D('',#2436,#1908,#1909);
#1690=AXIS2_PLACEMENT_3D('',#2438,#1910,#1911);
#1691=AXIS2_PLACEMENT_3D('',#2442,#1913,#1914);
#1692=AXIS2_PLACEMENT_3D('',#2445,#1916,#1917);
#1693=AXIS2_PLACEMENT_3D('',#2447,#1918,#1919);
#1694=AXIS2_PLACEMENT_3D('',#2448,#1920,#1921);
#1695=AXIS2_PLACEMENT_3D('',#2457,#1926,#1927);
#1696=AXIS2_PLACEMENT_3D('',#2476,#1938,#1939);
#1697=AXIS2_PLACEMENT_3D('',#2479,#1940,#1941);
#1698=AXIS2_PLACEMENT_3D('',#2483,#1943,#1944);
#1699=AXIS2_PLACEMENT_3D('',#2485,#1946,#1947);
#1700=AXIS2_PLACEMENT_3D('',#2491,#1951,#1952);
#1701=AXIS2_PLACEMENT_3D('',#2494,#1955,#1956);
#1702=AXIS2_PLACEMENT_3D('',#2506,#1962,#1963);
#1703=AXIS2_PLACEMENT_3D('',#2509,#1965,#1966);
#1704=AXIS2_PLACEMENT_3D('',#2510,#1967,#1968);
#1705=AXIS2_PLACEMENT_3D('',#2511,#1969,#1970);
#1706=AXIS2_PLACEMENT_3D('',#2512,#1971,#1972);
#1707=AXIS2_PLACEMENT_3D('',#2513,#1973,#1974);
#1708=AXIS2_PLACEMENT_3D('',#2516,#1976,#1977);
#1709=AXIS2_PLACEMENT_3D('',#2520,#1979,#1980);
#1710=AXIS2_PLACEMENT_3D('',#2523,#1982,#1983);
#1711=AXIS2_PLACEMENT_3D('',#2525,#1984,#1985);
#1712=AXIS2_PLACEMENT_3D('',#2526,#1986,#1987);
#1713=AXIS2_PLACEMENT_3D('',#2531,#1989,#1990);
#1714=AXIS2_PLACEMENT_3D('',#2535,#1992,#1993);
#1715=AXIS2_PLACEMENT_3D('',#2539,#1995,#1996);
#1716=AXIS2_PLACEMENT_3D('',#2542,#1998,#1999);
#1717=AXIS2_PLACEMENT_3D('',#2544,#2001,#2002);
#1718=AXIS2_PLACEMENT_3D('',#2545,#2003,#2004);
#1719=AXIS2_PLACEMENT_3D('',#2547,#2005,#2006);
#1720=AXIS2_PLACEMENT_3D('',#2549,#2008,#2009);
#1721=AXIS2_PLACEMENT_3D('',#2551,#2011,#2012);
#1722=AXIS2_PLACEMENT_3D('',#2554,#2013,#2014);
#1723=AXIS2_PLACEMENT_3D('',#2558,#2016,#2017);
#1724=AXIS2_PLACEMENT_3D('',#2560,#2019,#2020);
#1725=AXIS2_PLACEMENT_3D('',#2562,#2021,#2022);
#1726=AXIS2_PLACEMENT_3D('',#2566,#2024,#2025);
#1727=AXIS2_PLACEMENT_3D('',#2577,#2032,#2033);
#1728=AXIS2_PLACEMENT_3D('',#2579,#2034,#2035);
#1729=AXIS2_PLACEMENT_3D('',#2582,#2037,#2038);
#1730=AXIS2_PLACEMENT_3D('',#2583,#2039,#2040);
#1731=AXIS2_PLACEMENT_3D('',#2585,#2041,#2042);
#1732=AXIS2_PLACEMENT_3D('',#2587,#2044,#2045);
#1733=AXIS2_PLACEMENT_3D('',#2591,#2048,#2049);
#1734=AXIS2_PLACEMENT_3D('',#2593,#2050,#2051);
#1735=AXIS2_PLACEMENT_3D('',#2595,#2053,#2054);
#1736=AXIS2_PLACEMENT_3D('',#2597,#2055,#2056);
#1737=AXIS2_PLACEMENT_3D('',#2599,#2058,#2059);
#1738=AXIS2_PLACEMENT_3D('',#2601,#2060,#2061);
#1739=AXIS2_PLACEMENT_3D('',#2603,#2063,#2064);
#1740=AXIS2_PLACEMENT_3D('',#2607,#2067,#2068);
#1741=AXIS2_PLACEMENT_3D('',#2608,#2069,#2070);
#1742=AXIS2_PLACEMENT_3D('',#2609,#2071,#2072);
#1743=AXIS2_PLACEMENT_3D('',#2613,#2075,#2076);
#1744=AXIS2_PLACEMENT_3D('',#2614,#2077,#2078);
#1745=AXIS2_PLACEMENT_3D('',#2615,#2079,#2080);
#1746=AXIS2_PLACEMENT_3D('',#2618,#2083,#2084);
#1747=AXIS2_PLACEMENT_3D('',#2624,#2088,#2089);
#1748=AXIS2_PLACEMENT_3D('',#2630,#2093,#2094);
#1749=AXIS2_PLACEMENT_3D('',#2632,#2096,#2097);
#1750=AXIS2_PLACEMENT_3D('',#2634,#2098,#2099);
#1751=AXIS2_PLACEMENT_3D('',#2635,#2100,#2101);
#1752=AXIS2_PLACEMENT_3D('',#2637,#2103,#2104);
#1753=AXIS2_PLACEMENT_3D('',#2638,#2105,#2106);
#1754=AXIS2_PLACEMENT_3D('',#2639,#2107,#2108);
#1755=AXIS2_PLACEMENT_3D('',#2640,#2109,#2110);
#1756=AXIS2_PLACEMENT_3D('',#2642,#2111,#2112);
#1757=AXIS2_PLACEMENT_3D('',#2643,#2113,#2114);
#1758=AXIS2_PLACEMENT_3D('',#2646,#2116,#2117);
#1759=AXIS2_PLACEMENT_3D('',#2647,#2118,#2119);
#1760=AXIS2_PLACEMENT_3D('',#2648,#2120,#2121);
#1761=AXIS2_PLACEMENT_3D('',#2649,#2122,#2123);
#1762=AXIS2_PLACEMENT_3D('',#2650,#2124,#2125);
#1763=AXIS2_PLACEMENT_3D('',#2652,#2127,#2128);
#1764=AXIS2_PLACEMENT_3D('',#2654,#2130,#2131);
#1765=AXIS2_PLACEMENT_3D('',#2655,#2132,#2133);
#1766=AXIS2_PLACEMENT_3D('',#2657,#2135,#2136);
#1767=AXIS2_PLACEMENT_3D('',#2659,#2138,#2139);
#1768=AXIS2_PLACEMENT_3D('',#2660,#2140,#2141);
#1769=AXIS2_PLACEMENT_3D('',#2669,#2146,#2147);
#1770=AXIS2_PLACEMENT_3D('',#2673,#2149,#2150);
#1771=AXIS2_PLACEMENT_3D('',#2674,#2151,#2152);
#1772=AXIS2_PLACEMENT_3D('',#2675,#2153,#2154);
#1773=AXIS2_PLACEMENT_3D('',#2681,#2158,#2159);
#1774=AXIS2_PLACEMENT_3D('',#2685,#2161,#2162);
#1775=AXIS2_PLACEMENT_3D('',#2686,#2163,#2164);
#1776=AXIS2_PLACEMENT_3D('',#2687,#2165,#2166);
#1777=AXIS2_PLACEMENT_3D('',#2693,#2170,#2171);
#1778=AXIS2_PLACEMENT_3D('',#2697,#2173,#2174);
#1779=AXIS2_PLACEMENT_3D('',#2698,#2175,#2176);
#1780=AXIS2_PLACEMENT_3D('',#2699,#2177,#2178);
#1781=AXIS2_PLACEMENT_3D('',#2705,#2182,#2183);
#1782=AXIS2_PLACEMENT_3D('',#2706,#2184,#2185);
#1783=AXIS2_PLACEMENT_3D('',#2707,#2186,#2187);
#1784=AXIS2_PLACEMENT_3D('',#2708,#2188,#2189);
#1785=AXIS2_PLACEMENT_3D('',#2712,#2191,#2192);
#1786=AXIS2_PLACEMENT_3D('',#2714,#2194,#2195);
#1787=AXIS2_PLACEMENT_3D('',#2718,#2198,#2199);
#1788=AXIS2_PLACEMENT_3D('',#2721,#2201,#2202);
#1789=AXIS2_PLACEMENT_3D('',#2722,#2203,#2204);
#1790=AXIS2_PLACEMENT_3D('',#2726,#2207,#2208);
#1791=AXIS2_PLACEMENT_3D('',#2727,#2209,#2210);
#1792=AXIS2_PLACEMENT_3D('',#2728,#2211,#2212);
#1793=AXIS2_PLACEMENT_3D('',#2729,#2213,#2214);
#1794=AXIS2_PLACEMENT_3D('',#2732,#2215,#2216);
#1795=AXIS2_PLACEMENT_3D('',#2736,#2218,#2219);
#1796=AXIS2_PLACEMENT_3D('',#2738,#2221,#2222);
#1797=AXIS2_PLACEMENT_3D('',#2741,#2223,#2224);
#1798=AXIS2_PLACEMENT_3D('',#2742,#2225,#2226);
#1799=AXIS2_PLACEMENT_3D('',#2743,#2227,#2228);
#1800=AXIS2_PLACEMENT_3D('',#2744,#2229,#2230);
#1801=AXIS2_PLACEMENT_3D('',#2747,#2231,#2232);
#1802=AXIS2_PLACEMENT_3D('',#2750,#2235,#2236);
#1803=AXIS2_PLACEMENT_3D('',#2753,#2237,#2238);
#1804=AXIS2_PLACEMENT_3D('',#2754,#2239,#2240);
#1805=AXIS2_PLACEMENT_3D('',#2755,#2241,#2242);
#1806=AXIS2_PLACEMENT_3D('',#2756,#2243,#2244);
#1807=AXIS2_PLACEMENT_3D('',#2759,#2245,#2246);
#1808=AXIS2_PLACEMENT_3D('',#2762,#2249,#2250);
#1809=AXIS2_PLACEMENT_3D('',#2765,#2251,#2252);
#1810=AXIS2_PLACEMENT_3D('',#2766,#2253,#2254);
#1811=AXIS2_PLACEMENT_3D('',#2767,#2255,#2256);
#1812=AXIS2_PLACEMENT_3D('',#2768,#2257,#2258);
#1813=AXIS2_PLACEMENT_3D('',#2771,#2259,#2260);
#1814=AXIS2_PLACEMENT_3D('',#2774,#2263,#2264);
#1815=AXIS2_PLACEMENT_3D('',#2775,#2265,#2266);
#1816=AXIS2_PLACEMENT_3D('',#2776,#2267,#2268);
#1817=AXIS2_PLACEMENT_3D('',#2777,#2269,#2270);
#1818=AXIS2_PLACEMENT_3D('',#2780,#2273,#2274);
#1819=AXIS2_PLACEMENT_3D('',#2782,#2276,#2277);
#1820=AXIS2_PLACEMENT_3D('',#2784,#2279,#2280);
#1821=AXIS2_PLACEMENT_3D('',#2786,#2282,#2283);
#1822=AXIS2_PLACEMENT_3D('',#2787,#2284,#2285);
#1823=AXIS2_PLACEMENT_3D('',#2792,#2287,#2288);
#1824=AXIS2_PLACEMENT_3D('',#2794,#2290,#2291);
#1825=AXIS2_PLACEMENT_3D('',#2795,#2292,#2293);
#1826=AXIS2_PLACEMENT_3D('',#2797,#2295,#2296);
#1827=AXIS2_PLACEMENT_3D('',#2799,#2298,#2299);
#1828=AXIS2_PLACEMENT_3D('',#2801,#2301,#2302);
#1829=AXIS2_PLACEMENT_3D('',#2802,#2303,#2304);
#1830=AXIS2_PLACEMENT_3D('',#2804,#2306,#2307);
#1831=AXIS2_PLACEMENT_3D('',#2806,#2309,#2310);
#1832=AXIS2_PLACEMENT_3D('',#2808,#2312,#2313);
#1833=AXIS2_PLACEMENT_3D('',#2809,#2314,#2315);
#1834=AXIS2_PLACEMENT_3D('',#2810,#2316,#2317);
#1835=AXIS2_PLACEMENT_3D('',#2811,#2318,#2319);
#1836=AXIS2_PLACEMENT_3D('',#2812,#2320,#2321);
#1837=AXIS2_PLACEMENT_3D('',#2814,#2323,#2324);
#1838=AXIS2_PLACEMENT_3D('',#2817,#2326,#2327);
#1839=AXIS2_PLACEMENT_3D('',#2819,#2328,#2329);
#1840=AXIS2_PLACEMENT_3D('',#2820,#2330,#2331);
#1841=AXIS2_PLACEMENT_3D('',#2822,#2333,#2334);
#1842=AXIS2_PLACEMENT_3D('',#2824,#2336,#2337);
#1843=AXIS2_PLACEMENT_3D('',#2825,#2338,#2339);
#1844=AXIS2_PLACEMENT_3D('',#2826,#2340,#2341);
#1845=DIRECTION('axis',(0.,0.,1.));
#1846=DIRECTION('refdir',(1.,0.,0.));
#1847=DIRECTION('axis',(0.,0.,1.));
#1848=DIRECTION('refdir',(1.,0.,0.));
#1849=DIRECTION('center_axis',(0.,-1.,0.));
#1850=DIRECTION('ref_axis',(0.,0.,-1.));
#1851=DIRECTION('',(0.,0.,1.));
#1852=DIRECTION('',(1.,0.,0.));
#1853=DIRECTION('',(0.,0.,-1.));
#1854=DIRECTION('',(-1.,0.,1.99419768474103E-16));
#1855=DIRECTION('center_axis',(-1.,6.00120553851436E-16,0.));
#1856=DIRECTION('ref_axis',(6.00120553851436E-16,1.,0.));
#1857=DIRECTION('',(6.00120553851436E-16,1.,0.));
#1858=DIRECTION('',(0.,0.,1.));
#1859=DIRECTION('',(-6.00120553851436E-16,-1.,0.));
#1860=DIRECTION('',(0.,0.,-1.));
#1861=DIRECTION('',(6.00120553851436E-16,1.,0.));
#1862=DIRECTION('',(0.,0.,-1.));
#1863=DIRECTION('',(6.00120553851436E-16,1.,0.));
#1864=DIRECTION('center_axis',(1.,-4.80096444462756E-16,0.));
#1865=DIRECTION('ref_axis',(-4.80096444462756E-16,-1.,0.));
#1866=DIRECTION('',(4.80096444462756E-16,1.,-9.57407218000027E-32));
#1867=DIRECTION('',(0.,0.,1.));
#1868=DIRECTION('',(4.80096444462756E-16,1.,0.));
#1869=DIRECTION('',(0.,0.,1.));
#1870=DIRECTION('',(4.30247616556635E-16,0.896169137511727,-0.443712606279658));
#1871=DIRECTION('',(0.,0.,1.));
#1872=DIRECTION('',(-4.80096444462756E-16,-1.,0.));
#1873=DIRECTION('',(0.,0.,1.));
#1874=DIRECTION('',(4.80096444462756E-16,1.,0.));
#1875=DIRECTION('',(0.,0.,-1.));
#1876=DIRECTION('',(-4.80096444462756E-16,-1.,0.));
#1877=DIRECTION('center_axis',(1.,0.,0.));
#1878=DIRECTION('ref_axis',(0.,0.,-1.));
#1879=DIRECTION('',(0.,1.,0.));
#1880=DIRECTION('',(0.,0.,-1.));
#1881=DIRECTION('',(0.,-1.,-2.05432527401307E-32));
#1882=DIRECTION('',(0.,0.,1.));
#1883=DIRECTION('center_axis',(0.,-1.,0.));
#1884=DIRECTION('ref_axis',(0.,0.,-1.));
#1885=DIRECTION('',(0.,0.,-1.));
#1886=DIRECTION('',(-1.,0.,0.));
#1887=DIRECTION('',(0.,0.,1.));
#1888=DIRECTION('',(1.,0.,0.));
#1889=DIRECTION('center_axis',(-1.,-2.40048222231378E-16,0.));
#1890=DIRECTION('ref_axis',(-2.40048222231378E-16,1.,0.));
#1891=DIRECTION('',(2.40048222231378E-16,-1.,0.));
#1892=DIRECTION('',(-2.40048222231378E-16,1.,0.));
#1893=DIRECTION('',(0.,0.,-1.));
#1894=DIRECTION('',(-2.40048222231378E-16,1.,-1.68083574740251E-16));
#1895=DIRECTION('',(0.,0.,1.));
#1896=DIRECTION('',(-2.40048222231378E-16,1.,0.));
#1897=DIRECTION('',(0.,0.,1.));
#1898=DIRECTION('',(2.40048222231378E-16,-1.,0.));
#1899=DIRECTION('',(0.,0.,-1.));
#1900=DIRECTION('center_axis',(0.,0.,1.));
#1901=DIRECTION('ref_axis',(1.,0.,0.));
#1902=DIRECTION('',(0.,-1.,0.));
#1903=DIRECTION('center_axis',(0.,0.,-1.));
#1904=DIRECTION('ref_axis',(1.06477491033237E-7,-0.999999999999994,0.));
#1905=DIRECTION('',(-1.,-4.80096443081149E-16,0.));
#1906=DIRECTION('',(0.,1.,0.));
#1907=DIRECTION('',(1.,9.60192888925512E-16,0.));
#1908=DIRECTION('center_axis',(0.,0.,1.));
#1909=DIRECTION('ref_axis',(1.41969983005447E-7,-0.99999999999999,0.));
#1910=DIRECTION('center_axis',(0.,0.,-1.));
#1911=DIRECTION('ref_axis',(0.707106781186548,0.707106781186548,0.));
#1912=DIRECTION('',(1.,0.,0.));
#1913=DIRECTION('center_axis',(0.,0.,1.));
#1914=DIRECTION('ref_axis',(1.,0.,0.));
#1915=DIRECTION('',(-1.,0.,0.));
#1916=DIRECTION('center_axis',(0.,0.,-1.));
#1917=DIRECTION('ref_axis',(0.707106781186548,-0.707106781186548,0.));
#1918=DIRECTION('center_axis',(0.,0.,1.));
#1919=DIRECTION('ref_axis',(1.,0.,0.));
#1920=DIRECTION('center_axis',(-1.,0.,0.));
#1921=DIRECTION('ref_axis',(0.,0.,1.));
#1922=DIRECTION('',(0.,-1.,0.));
#1923=DIRECTION('',(0.,0.,-1.));
#1924=DIRECTION('',(0.,1.,0.));
#1925=DIRECTION('',(0.,0.,1.));
#1926=DIRECTION('center_axis',(-8.40168777809823E-16,-1.,0.));
#1927=DIRECTION('ref_axis',(-1.,8.40168777809823E-16,0.));
#1928=DIRECTION('',(1.,-8.40168777809823E-16,0.));
#1929=DIRECTION('',(0.,0.,-1.));
#1930=DIRECTION('',(1.,-8.40168777809823E-16,-7.43769817778181E-16));
#1931=DIRECTION('',(0.,0.,1.));
#1932=DIRECTION('',(1.,-8.40168777809823E-16,0.));
#1933=DIRECTION('',(1.,-8.40168777809823E-16,0.));
#1934=DIRECTION('',(0.,0.,1.));
#1935=DIRECTION('',(1.,-8.40168777809823E-16,0.));
#1936=DIRECTION('',(0.,0.,1.));
#1937=DIRECTION('',(1.,-8.40168777809823E-16,-1.72597995469139E-47));
#1938=DIRECTION('center_axis',(0.,1.,0.));
#1939=DIRECTION('ref_axis',(0.707106781186546,0.,0.707106781186549));
#1940=DIRECTION('center_axis',(4.80096443081149E-16,-1.,0.));
#1941=DIRECTION('ref_axis',(0.707106781186546,0.,0.707106781186549));
#1942=DIRECTION('',(0.,1.,0.));
#1943=DIRECTION('center_axis',(-9.60192888925512E-16,1.,0.));
#1944=DIRECTION('ref_axis',(0.707106781186546,0.,0.707106781186549));
#1945=DIRECTION('',(0.,-1.,0.));
#1946=DIRECTION('center_axis',(1.74016148060642E-16,0.,1.));
#1947=DIRECTION('ref_axis',(1.,0.,-1.74016148060642E-16));
#1948=DIRECTION('',(1.,4.80096443081149E-16,0.));
#1949=DIRECTION('',(0.,1.,0.));
#1950=DIRECTION('',(-1.,-9.60192888925512E-16,1.74016148060642E-16));
#1951=DIRECTION('center_axis',(1.,0.,0.));
#1952=DIRECTION('ref_axis',(0.,0.,-1.));
#1953=DIRECTION('',(0.,0.,1.));
#1954=DIRECTION('',(0.,0.,-1.));
#1955=DIRECTION('center_axis',(4.80096443081149E-16,-1.,0.));
#1956=DIRECTION('ref_axis',(-1.,-4.80096443081149E-16,0.));
#1957=DIRECTION('',(0.,0.,-1.));
#1958=DIRECTION('',(-1.,-4.80096443081149E-16,0.));
#1959=DIRECTION('',(0.,0.,-1.));
#1960=DIRECTION('',(-1.,-4.80096443081149E-16,0.));
#1961=DIRECTION('',(0.,0.,-1.));
#1962=DIRECTION('center_axis',(-4.80096443081149E-16,1.,0.));
#1963=DIRECTION('ref_axis',(-1.,0.,4.14262322621327E-16));
#1964=DIRECTION('',(0.,0.,1.));
#1965=DIRECTION('center_axis',(-4.80096443081149E-16,1.,0.));
#1966=DIRECTION('ref_axis',(0.,0.,1.));
#1967=DIRECTION('center_axis',(0.,0.,-1.));
#1968=DIRECTION('ref_axis',(0.99999999999999,1.41969980044853E-7,0.));
#1969=DIRECTION('center_axis',(0.,0.,-1.));
#1970=DIRECTION('ref_axis',(0.99999999999999,1.41969980044853E-7,0.));
#1971=DIRECTION('center_axis',(0.,0.,-1.));
#1972=DIRECTION('ref_axis',(0.99999999999999,1.41969980044853E-7,0.));
#1973=DIRECTION('center_axis',(0.,0.,1.));
#1974=DIRECTION('ref_axis',(-2.22044604925031E-16,1.,0.));
#1975=DIRECTION('',(-1.,1.08021699693258E-15,0.));
#1976=DIRECTION('center_axis',(0.,0.,-1.));
#1977=DIRECTION('ref_axis',(-0.707106781186554,0.707106781186541,0.));
#1978=DIRECTION('',(-2.22044604925031E-16,1.,0.));
#1979=DIRECTION('center_axis',(0.,0.,1.));
#1980=DIRECTION('ref_axis',(-2.22044604925031E-16,1.,0.));
#1981=DIRECTION('',(2.22044604925031E-16,-1.,0.));
#1982=DIRECTION('center_axis',(0.,0.,-1.));
#1983=DIRECTION('ref_axis',(0.707106781186541,0.707106781186554,0.));
#1984=DIRECTION('center_axis',(0.,0.,-1.));
#1985=DIRECTION('ref_axis',(-2.22044604925031E-16,1.,0.));
#1986=DIRECTION('center_axis',(0.,0.,1.));
#1987=DIRECTION('ref_axis',(-1.,0.,0.));
#1988=DIRECTION('',(0.,-1.,0.));
#1989=DIRECTION('center_axis',(0.,0.,1.));
#1990=DIRECTION('ref_axis',(7.09849965415927E-8,-0.999999999999997,0.));
#1991=DIRECTION('',(-1.,0.,0.));
#1992=DIRECTION('center_axis',(0.,0.,1.));
#1993=DIRECTION('ref_axis',(-0.999999999999997,-7.09849995021869E-8,0.));
#1994=DIRECTION('',(6.00120550397418E-16,1.,0.));
#1995=DIRECTION('center_axis',(0.,0.,1.));
#1996=DIRECTION('ref_axis',(-7.09849950612955E-8,0.999999999999997,0.));
#1997=DIRECTION('',(1.,-1.08021699071535E-15,0.));
#1998=DIRECTION('center_axis',(0.,0.,1.));
#1999=DIRECTION('ref_axis',(0.999999999999997,7.09849950612958E-8,0.));
#2000=DIRECTION('',(1.,-1.08021699693258E-15,0.));
#2001=DIRECTION('center_axis',(0.,0.,-1.));
#2002=DIRECTION('ref_axis',(-1.41969981525149E-7,0.99999999999999,0.));
#2003=DIRECTION('center_axis',(0.,0.,1.));
#2004=DIRECTION('ref_axis',(-0.999999999999994,-1.06477495474128E-7,0.));
#2005=DIRECTION('center_axis',(0.,0.,1.));
#2006=DIRECTION('ref_axis',(1.06477491033237E-7,-0.999999999999994,0.));
#2007=DIRECTION('',(0.,-1.,0.));
#2008=DIRECTION('center_axis',(0.,0.,-1.));
#2009=DIRECTION('ref_axis',(-1.,0.,0.));
#2010=DIRECTION('',(-1.,9.41598687019648E-15,0.));
#2011=DIRECTION('center_axis',(0.,0.,-1.));
#2012=DIRECTION('ref_axis',(0.,-1.,0.));
#2013=DIRECTION('center_axis',(0.,0.,-1.));
#2014=DIRECTION('ref_axis',(0.,-1.,0.));
#2015=DIRECTION('',(0.,0.,1.));
#2016=DIRECTION('center_axis',(0.405579787672639,0.405579787672639,0.819152044288992));
#2017=DIRECTION('ref_axis',(-0.579227965339569,-0.579227965339569,0.573576436351046));
#2018=DIRECTION('',(0.,0.,-1.));
#2019=DIRECTION('center_axis',(-9.60192888925512E-16,1.,0.));
#2020=DIRECTION('ref_axis',(1.,9.60192888925512E-16,0.));
#2021=DIRECTION('center_axis',(9.60192888925512E-16,-1.,0.));
#2022=DIRECTION('ref_axis',(0.,0.,1.));
#2023=DIRECTION('',(0.,0.,-1.));
#2024=DIRECTION('center_axis',(9.60192888925512E-16,-1.,0.));
#2025=DIRECTION('ref_axis',(-1.,0.,4.14262322621327E-16));
#2026=DIRECTION('',(0.,0.,-1.));
#2027=DIRECTION('',(1.,9.60192888925512E-16,0.));
#2028=DIRECTION('',(-0.896169137511727,-8.6049523311327E-16,0.443712606279658));
#2029=DIRECTION('',(0.,0.,1.));
#2030=DIRECTION('',(-1.,-9.60192888925512E-16,0.));
#2031=DIRECTION('',(0.,0.,1.));
#2032=DIRECTION('center_axis',(0.,0.,1.));
#2033=DIRECTION('ref_axis',(-1.,0.,0.));
#2034=DIRECTION('center_axis',(0.405579787672639,0.405579787672639,0.819152044288992));
#2035=DIRECTION('ref_axis',(-0.579227965339569,-0.579227965339569,0.573576436351046));
#2036=DIRECTION('',(0.,0.,-1.));
#2037=DIRECTION('center_axis',(0.,0.,-1.));
#2038=DIRECTION('ref_axis',(-1.,0.,0.));
#2039=DIRECTION('center_axis',(0.,0.,1.));
#2040=DIRECTION('ref_axis',(-0.707106781186554,0.707106781186541,0.));
#2041=DIRECTION('center_axis',(1.27359553203875E-16,-0.573576436351046,
0.819152044288992));
#2042=DIRECTION('ref_axis',(-1.13680182529801E-16,0.819152044288992,0.573576436351046));
#2043=DIRECTION('',(0.,0.,-1.));
#2044=DIRECTION('center_axis',(1.,2.22044604925031E-16,0.));
#2045=DIRECTION('ref_axis',(-2.22044604925031E-16,1.,0.));
#2046=DIRECTION('',(-1.81888292047681E-16,0.819152044288992,0.573576436351046));
#2047=DIRECTION('',(0.,0.,1.));
#2048=DIRECTION('center_axis',(0.,0.,1.));
#2049=DIRECTION('ref_axis',(0.707106781186541,0.707106781186554,0.));
#2050=DIRECTION('center_axis',(1.27359553203875E-16,-0.573576436351046,
0.819152044288992));
#2051=DIRECTION('ref_axis',(-5.68400912649003E-17,0.819152044288992,0.573576436351046));
#2052=DIRECTION('',(0.,0.,1.));
#2053=DIRECTION('center_axis',(0.,0.,-1.));
#2054=DIRECTION('ref_axis',(0.707106781186548,-0.707106781186548,0.));
#2055=DIRECTION('center_axis',(-0.573576436351046,0.,0.819152044288992));
#2056=DIRECTION('ref_axis',(0.819152044288992,0.,0.573576436351046));
#2057=DIRECTION('',(0.,0.,1.));
#2058=DIRECTION('center_axis',(0.,0.,1.));
#2059=DIRECTION('ref_axis',(0.707106781186548,0.707106781186548,0.));
#2060=DIRECTION('center_axis',(-0.573576436351046,0.,0.819152044288992));
#2061=DIRECTION('ref_axis',(0.819152044288992,0.,0.573576436351046));
#2062=DIRECTION('',(0.,0.,-1.));
#2063=DIRECTION('center_axis',(0.,-1.,0.));
#2064=DIRECTION('ref_axis',(1.,0.,0.));
#2065=DIRECTION('',(0.819152044288992,0.,0.573576436351046));
#2066=DIRECTION('',(0.,0.,1.));
#2067=DIRECTION('center_axis',(0.,0.,-1.));
#2068=DIRECTION('ref_axis',(-1.41969981525149E-7,0.99999999999999,0.));
#2069=DIRECTION('center_axis',(0.,0.,-1.));
#2070=DIRECTION('ref_axis',(-1.41969981525149E-7,0.99999999999999,0.));
#2071=DIRECTION('center_axis',(-1.,-2.22044604925031E-16,0.));
#2072=DIRECTION('ref_axis',(2.22044604925031E-16,-1.,0.));
#2073=DIRECTION('',(0.,0.,1.));
#2074=DIRECTION('',(1.81888292047681E-16,-0.819152044288992,-0.573576436351046));
#2075=DIRECTION('center_axis',(0.,0.,1.));
#2076=DIRECTION('ref_axis',(9.9579925010296E-17,-1.,0.));
#2077=DIRECTION('center_axis',(1.27359553203875E-16,-0.573576436351046,
0.819152044288992));
#2078=DIRECTION('ref_axis',(-1.81888292047681E-16,0.819152044288992,0.573576436351046));
#2079=DIRECTION('center_axis',(1.,0.,0.));
#2080=DIRECTION('ref_axis',(0.,-1.,0.));
#2081=DIRECTION('',(0.,-1.,0.));
#2082=DIRECTION('',(0.,-1.,0.));
#2083=DIRECTION('center_axis',(0.707106781186548,-0.707106781186548,0.));
#2084=DIRECTION('ref_axis',(0.707106781186548,0.707106781186548,0.));
#2085=DIRECTION('',(0.707106781186548,0.707106781186548,0.));
#2086=DIRECTION('',(0.,0.,1.));
#2087=DIRECTION('',(0.579227965339569,0.579227965339569,-0.573576436351046));
#2088=DIRECTION('center_axis',(-0.707106781186548,0.707106781186548,0.));
#2089=DIRECTION('ref_axis',(-0.707106781186548,-0.707106781186548,0.));
#2090=DIRECTION('',(-0.579227965339569,-0.579227965339569,0.573576436351046));
#2091=DIRECTION('',(0.,0.,1.));
#2092=DIRECTION('',(-0.707106781186548,-0.707106781186548,0.));
#2093=DIRECTION('center_axis',(0.,1.,0.));
#2094=DIRECTION('ref_axis',(-1.,0.,4.14262322621327E-16));
#2095=DIRECTION('',(0.,1.,0.));
#2096=DIRECTION('center_axis',(1.27359553203875E-16,-0.573576436351046,
0.819152044288992));
#2097=DIRECTION('ref_axis',(-1.81888292047681E-16,0.819152044288992,0.573576436351046));
#2098=DIRECTION('center_axis',(-1.27359553203875E-16,0.573576436351046,
-0.819152044288992));
#2099=DIRECTION('ref_axis',(-1.81888292047681E-16,0.819152044288992,0.573576436351046));
#2100=DIRECTION('center_axis',(0.,0.,1.));
#2101=DIRECTION('ref_axis',(-2.22044604925031E-16,1.,0.));
#2102=DIRECTION('',(0.,0.,-1.));
#2103=DIRECTION('center_axis',(1.08021699693258E-15,1.,0.));
#2104=DIRECTION('ref_axis',(1.,-1.08021699693258E-15,0.));
#2105=DIRECTION('center_axis',(0.405579787672639,0.405579787672639,0.819152044288992));
#2106=DIRECTION('ref_axis',(-0.579227965339569,-0.579227965339569,0.573576436351046));
#2107=DIRECTION('center_axis',(-0.405579787672639,-0.405579787672639,-0.819152044288992));
#2108=DIRECTION('ref_axis',(-0.579227965339569,-0.579227965339569,0.573576436351046));
#2109=DIRECTION('center_axis',(0.405579787672639,0.405579787672639,0.819152044288992));
#2110=DIRECTION('ref_axis',(-0.579227965339569,-0.579227965339569,0.573576436351046));
#2111=DIRECTION('center_axis',(-0.405579787672639,-0.405579787672639,-0.819152044288992));
#2112=DIRECTION('ref_axis',(-0.579227965339569,-0.579227965339569,0.573576436351046));
#2113=DIRECTION('center_axis',(0.,0.,1.));
#2114=DIRECTION('ref_axis',(-0.707106781186547,-0.707106781186548,0.));
#2115=DIRECTION('',(0.,0.,-1.));
#2116=DIRECTION('center_axis',(0.,0.,1.));
#2117=DIRECTION('ref_axis',(-0.707106781186547,-0.707106781186548,0.));
#2118=DIRECTION('center_axis',(0.,0.,1.));
#2119=DIRECTION('ref_axis',(0.707106781186548,0.707106781186547,0.));
#2120=DIRECTION('center_axis',(0.,0.,1.));
#2121=DIRECTION('ref_axis',(-0.707106781186548,-0.707106781186548,0.));
#2122=DIRECTION('center_axis',(0.,0.,1.));
#2123=DIRECTION('ref_axis',(-0.707106781186548,-0.707106781186548,0.));
#2124=DIRECTION('center_axis',(0.,0.,-1.));
#2125=DIRECTION('ref_axis',(-0.999999999999994,-1.06477495474128E-7,0.));
#2126=DIRECTION('',(1.,-9.09580309331451E-15,0.));
#2127=DIRECTION('center_axis',(-1.,0.,0.));
#2128=DIRECTION('ref_axis',(0.,0.,1.));
#2129=DIRECTION('',(0.,1.,0.));
#2130=DIRECTION('center_axis',(0.,1.,0.));
#2131=DIRECTION('ref_axis',(0.,0.,1.));
#2132=DIRECTION('center_axis',(-9.09580309331451E-15,-1.,0.));
#2133=DIRECTION('ref_axis',(1.,-9.09580309331451E-15,2.77555756138307E-17));
#2134=DIRECTION('',(1.,-9.09580309331451E-15,2.77555756138307E-17));
#2135=DIRECTION('center_axis',(9.41598687019648E-15,1.,0.));
#2136=DIRECTION('ref_axis',(-1.,9.41598687019648E-15,-2.77555756138307E-17));
#2137=DIRECTION('',(-1.,9.41598687019648E-15,-2.77555756138307E-17));
#2138=DIRECTION('center_axis',(0.,0.,1.));
#2139=DIRECTION('ref_axis',(1.,0.,0.));
#2140=DIRECTION('center_axis',(-0.737277336810124,0.,0.67559020761566));
#2141=DIRECTION('ref_axis',(0.67559020761566,0.,0.737277336810124));
#2142=DIRECTION('',(-0.67559020761566,0.,-0.737277336810124));
#2143=DIRECTION('',(0.,-1.,0.));
#2144=DIRECTION('',(0.67559020761566,0.,0.737277336810124));
#2145=DIRECTION('',(0.,1.,0.));
#2146=DIRECTION('center_axis',(0.,0.,1.));
#2147=DIRECTION('ref_axis',(0.999999999999998,7.09849962604622E-8,0.));
#2148=DIRECTION('',(0.,-0.675590207615653,-0.73727733681013));
#2149=DIRECTION('center_axis',(0.,0.,-1.));
#2150=DIRECTION('ref_axis',(0.999999999999997,7.09849949417003E-8,0.));
#2151=DIRECTION('center_axis',(0.,0.,1.));
#2152=DIRECTION('ref_axis',(0.999999999999997,7.09849971043829E-8,0.));
#2153=DIRECTION('center_axis',(-8.84910564021784E-16,-0.737277336810126,
0.675590207615659));
#2154=DIRECTION('ref_axis',(1.,0.,1.30983331914308E-15));
#2155=DIRECTION('',(0.,-0.67559020761566,-0.737277336810125));
#2156=DIRECTION('',(1.,-1.20024110309752E-15,0.));
#2157=DIRECTION('',(-1.,1.20024110309752E-15,0.));
#2158=DIRECTION('center_axis',(0.,0.,1.));
#2159=DIRECTION('ref_axis',(-7.09849951361014E-8,0.999999999999998,0.));
#2160=DIRECTION('',(0.675590207615654,0.,-0.73727733681013));
#2161=DIRECTION('center_axis',(0.,0.,-1.));
#2162=DIRECTION('ref_axis',(-7.09849949417E-8,0.999999999999997,0.));
#2163=DIRECTION('center_axis',(0.,0.,1.));
#2164=DIRECTION('ref_axis',(-7.09849952605054E-8,0.999999999999997,0.));
#2165=DIRECTION('center_axis',(0.737277336810125,-5.30946338413069E-16,
0.67559020761566));
#2166=DIRECTION('ref_axis',(0.67559020761566,0.,-0.737277336810125));
#2167=DIRECTION('',(0.67559020761566,0.,-0.737277336810124));
#2168=DIRECTION('',(7.20144661858509E-16,1.,0.));
#2169=DIRECTION('',(-7.20144661858509E-16,-1.,0.));
#2170=DIRECTION('center_axis',(0.,0.,1.));
#2171=DIRECTION('ref_axis',(-0.999999999999998,-7.09849994643284E-8,0.));
#2172=DIRECTION('',(1.72982941762791E-15,0.675590207615651,-0.737277336810132));
#2173=DIRECTION('center_axis',(0.,0.,-1.));
#2174=DIRECTION('ref_axis',(-0.999999999999997,-7.09850002707696E-8,0.));
#2175=DIRECTION('center_axis',(0.,0.,1.));
#2176=DIRECTION('ref_axis',(-0.999999999999997,-7.09849989482592E-8,0.));
#2177=DIRECTION('center_axis',(0.,0.737277336810126,0.675590207615659));
#2178=DIRECTION('ref_axis',(1.,0.,0.));
#2179=DIRECTION('',(0.,0.675590207615662,-0.737277336810122));
#2180=DIRECTION('',(-1.,0.,0.));
#2181=DIRECTION('',(1.,0.,0.));
#2182=DIRECTION('center_axis',(0.,0.,1.));
#2183=DIRECTION('ref_axis',(7.09849969536306E-8,-0.999999999999998,0.));
#2184=DIRECTION('center_axis',(0.,0.,-1.));
#2185=DIRECTION('ref_axis',(7.09849967180566E-8,-0.999999999999998,0.));
#2186=DIRECTION('center_axis',(0.,0.,1.));
#2187=DIRECTION('ref_axis',(7.09849971043825E-8,-0.999999999999997,0.));
#2188=DIRECTION('center_axis',(0.,0.,-1.));
#2189=DIRECTION('ref_axis',(-7.09849949417E-8,0.999999999999998,0.));
#2190=DIRECTION('',(7.74098432674803E-17,0.0871557427476581,-0.996194698091746));
#2191=DIRECTION('center_axis',(0.,0.,1.));
#2192=DIRECTION('ref_axis',(-7.09849949417E-8,0.999999999999997,0.));
#2193=DIRECTION('',(-0.0871557427476581,0.,-0.996194698091746));
#2194=DIRECTION('center_axis',(-1.19567382333753E-15,-0.996194698091746,
-0.0871557427476582));
#2195=DIRECTION('ref_axis',(1.,-1.20024110309752E-15,0.));
#2196=DIRECTION('',(1.54819686534961E-16,0.0871557427476582,-0.996194698091746));
#2197=DIRECTION('',(-1.,1.20024110309752E-15,0.));
#2198=DIRECTION('center_axis',(0.,0.,-1.));
#2199=DIRECTION('ref_axis',(0.999999999999998,7.09849949417003E-8,0.));
#2200=DIRECTION('',(0.0871557427476581,0.,-0.996194698091746));
#2201=DIRECTION('center_axis',(0.,0.,1.));
#2202=DIRECTION('ref_axis',(0.999999999999997,7.09849949417003E-8,0.));
#2203=DIRECTION('center_axis',(-0.996194698091746,0.,-0.0871557427476582));
#2204=DIRECTION('ref_axis',(0.,-1.,0.));
#2205=DIRECTION('',(0.0871557427476581,0.,-0.996194698091746));
#2206=DIRECTION('',(0.,1.,0.));
#2207=DIRECTION('center_axis',(0.,0.,1.));
#2208=DIRECTION('ref_axis',(-1.,0.,0.));
#2209=DIRECTION('center_axis',(0.,0.,-1.));
#2210=DIRECTION('ref_axis',(1.41969983005447E-7,-0.99999999999999,0.));
#2211=DIRECTION('center_axis',(0.,0.,-1.));
#2212=DIRECTION('ref_axis',(-0.99999999999999,-1.41969988926633E-7,0.));
#2213=DIRECTION('center_axis',(0.,1.,0.));
#2214=DIRECTION('ref_axis',(0.675590207615657,0.,0.737277336810127));
#2215=DIRECTION('center_axis',(0.,1.,0.));
#2216=DIRECTION('ref_axis',(0.,0.,1.));
#2217=DIRECTION('',(0.,1.,0.));
#2218=DIRECTION('center_axis',(0.,-1.,0.));
#2219=DIRECTION('ref_axis',(0.996194698091746,0.,0.0871557427476557));
#2220=DIRECTION('',(0.,-1.,0.));
#2221=DIRECTION('center_axis',(0.,0.,1.));
#2222=DIRECTION('ref_axis',(1.,0.,0.));
#2223=DIRECTION('center_axis',(1.,-8.91571116972908E-15,0.));
#2224=DIRECTION('ref_axis',(8.88178419700147E-15,0.996194698091746,0.0871557427476532));
#2225=DIRECTION('center_axis',(0.,0.,-1.));
#2226=DIRECTION('ref_axis',(0.707106781186549,0.707106781186546,0.));
#2227=DIRECTION('center_axis',(-7.25200732489474E-16,-7.25200732489474E-16,
1.));
#2228=DIRECTION('ref_axis',(0.707106781186548,0.707106781186548,1.02558871132952E-15));
#2229=DIRECTION('center_axis',(-1.,1.08021699071535E-15,0.));
#2230=DIRECTION('ref_axis',(0.,0.675590207615657,0.737277336810127));
#2231=DIRECTION('center_axis',(1.,0.,0.));
#2232=DIRECTION('ref_axis',(0.,0.996194698091745,0.0871557427476597));
#2233=DIRECTION('',(1.,-1.08021699071535E-15,0.));
#2234=DIRECTION('',(-1.,1.08021699071535E-15,0.));
#2235=DIRECTION('center_axis',(0.,0.,1.));
#2236=DIRECTION('ref_axis',(1.,0.,0.));
#2237=DIRECTION('center_axis',(0.,1.,0.));
#2238=DIRECTION('ref_axis',(-0.996194698091745,0.,0.087155742747662));
#2239=DIRECTION('center_axis',(0.,0.,-1.));
#2240=DIRECTION('ref_axis',(-0.707106781186547,0.707106781186548,0.));
#2241=DIRECTION('center_axis',(0.,0.,1.));
#2242=DIRECTION('ref_axis',(-0.707106781186546,0.707106781186549,0.));
#2243=DIRECTION('center_axis',(-6.00120550397418E-16,-1.,0.));
#2244=DIRECTION('ref_axis',(-0.675590207615657,0.,0.737277336810127));
#2245=DIRECTION('center_axis',(0.,1.,0.));
#2246=DIRECTION('ref_axis',(-0.996194698091745,0.,0.0871557427476601));
#2247=DIRECTION('',(6.00120550397418E-16,1.,0.));
#2248=DIRECTION('',(-6.00120550397418E-16,-1.,0.));
#2249=DIRECTION('center_axis',(0.,0.,1.));
#2250=DIRECTION('ref_axis',(1.,0.,0.));
#2251=DIRECTION('center_axis',(-1.,0.,0.));
#2252=DIRECTION('ref_axis',(0.,-0.996194698091745,0.0871557427476624));
#2253=DIRECTION('center_axis',(0.,0.,-1.));
#2254=DIRECTION('ref_axis',(-0.707106781186547,-0.707106781186549,0.));
#2255=DIRECTION('center_axis',(0.,0.,1.));
#2256=DIRECTION('ref_axis',(-0.707106781186546,-0.707106781186549,0.));
#2257=DIRECTION('center_axis',(1.,0.,0.));
#2258=DIRECTION('ref_axis',(0.,-0.675590207615667,0.737277336810118));
#2259=DIRECTION('center_axis',(-1.,0.,0.));
#2260=DIRECTION('ref_axis',(0.,-0.996194698091746,0.0871557427476578));
#2261=DIRECTION('',(-1.,0.,0.));
#2262=DIRECTION('',(1.,0.,0.));
#2263=DIRECTION('center_axis',(0.,0.,1.));
#2264=DIRECTION('ref_axis',(1.,0.,0.));
#2265=DIRECTION('center_axis',(0.,0.,-1.));
#2266=DIRECTION('ref_axis',(0.707106781186548,-0.707106781186548,0.));
#2267=DIRECTION('center_axis',(0.,0.,1.));
#2268=DIRECTION('ref_axis',(0.707106781186547,-0.707106781186547,0.));
#2269=DIRECTION('center_axis',(0.,0.,-1.));
#2270=DIRECTION('ref_axis',(-7.09849950612955E-8,0.999999999999997,0.));
#2271=DIRECTION('',(-1.29016407277446E-16,-0.0871557427476581,0.996194698091746));
#2272=DIRECTION('',(0.0871557427476581,0.,0.996194698091746));
#2273=DIRECTION('center_axis',(1.07610643893926E-15,0.996194698091746,0.0871557427476582));
#2274=DIRECTION('ref_axis',(-1.,1.08021699071535E-15,0.));
#2275=DIRECTION('',(-1.29016407277447E-16,-0.0871557427476581,0.996194698091746));
#2276=DIRECTION('center_axis',(0.,0.,-1.));
#2277=DIRECTION('ref_axis',(0.999999999999997,7.09849950612958E-8,0.));
#2278=DIRECTION('',(-0.0871557427476581,0.,0.996194698091746));
#2279=DIRECTION('center_axis',(0.996194698091746,0.,0.0871557427476582));
#2280=DIRECTION('ref_axis',(0.,1.,0.));
#2281=DIRECTION('',(-0.0871557427476582,0.,0.996194698091746));
#2282=DIRECTION('center_axis',(0.,0.,1.));
#2283=DIRECTION('ref_axis',(-1.,0.,0.));
#2284=DIRECTION('center_axis',(0.,0.,1.));
#2285=DIRECTION('ref_axis',(-1.,0.,0.));
#2286=DIRECTION('',(1.,0.,0.));
#2287=DIRECTION('center_axis',(0.,0.,1.));
#2288=DIRECTION('ref_axis',(-0.999999999999997,-7.09850002707696E-8,0.));
#2289=DIRECTION('',(-7.20144661858509E-16,-1.,0.));
#2290=DIRECTION('center_axis',(0.,0.,1.));
#2291=DIRECTION('ref_axis',(7.09849967180566E-8,-0.999999999999997,0.));
#2292=DIRECTION('center_axis',(0.996194698091746,-7.17404294002519E-16,
-0.0871557427476582));
#2293=DIRECTION('ref_axis',(7.20144661858509E-16,1.,0.));
#2294=DIRECTION('',(-0.0871557427476582,0.,-0.996194698091746));
#2295=DIRECTION('center_axis',(0.,0.,-1.));
#2296=DIRECTION('ref_axis',(-0.999999999999998,-7.09850002707696E-8,0.));
#2297=DIRECTION('',(0.,-0.0871557427476582,-0.996194698091746));
#2298=DIRECTION('center_axis',(0.,0.996194698091746,-0.0871557427476582));
#2299=DIRECTION('ref_axis',(-1.,0.,0.));
#2300=DIRECTION('',(0.,-0.0871557427476582,-0.996194698091746));
#2301=DIRECTION('center_axis',(0.,0.,-1.));
#2302=DIRECTION('ref_axis',(7.09849967180566E-8,-0.999999999999998,0.));
#2303=DIRECTION('center_axis',(0.,0.,-1.));
#2304=DIRECTION('ref_axis',(7.09849965415927E-8,-0.999999999999997,0.));
#2305=DIRECTION('',(0.,0.0871557427476583,0.996194698091746));
#2306=DIRECTION('center_axis',(0.,-0.996194698091746,0.0871557427476582));
#2307=DIRECTION('ref_axis',(1.,0.,0.));
#2308=DIRECTION('',(0.,0.0871557427476583,0.996194698091746));
#2309=DIRECTION('center_axis',(0.,0.,-1.));
#2310=DIRECTION('ref_axis',(-0.999999999999997,-7.09849995021869E-8,0.));
#2311=DIRECTION('',(0.0871557427476581,0.,0.996194698091746));
#2312=DIRECTION('center_axis',(-0.996194698091746,5.97836910521808E-16,
0.0871557427476582));
#2313=DIRECTION('ref_axis',(-6.00120550397418E-16,-1.,0.));
#2314=DIRECTION('center_axis',(0.,0.,-1.));
#2315=DIRECTION('ref_axis',(1.41969983005447E-7,-0.99999999999999,0.));
#2316=DIRECTION('center_axis',(0.,0.,-1.));
#2317=DIRECTION('ref_axis',(-0.99999999999999,-1.41969988926633E-7,0.));
#2318=DIRECTION('center_axis',(0.,0.,-1.));
#2319=DIRECTION('ref_axis',(-0.999999999999994,-1.06477495474128E-7,0.));
#2320=DIRECTION('center_axis',(0.,0.,-1.));
#2321=DIRECTION('ref_axis',(1.06477491033237E-7,-0.999999999999994,0.));
#2322=DIRECTION('',(0.,0.,-1.));
#2323=DIRECTION('center_axis',(-0.573576436351046,0.,0.819152044288992));
#2324=DIRECTION('ref_axis',(0.819152044288992,0.,0.573576436351046));
#2325=DIRECTION('',(-0.819152044288992,0.,-0.573576436351046));
#2326=DIRECTION('center_axis',(-0.573576436351046,0.,0.819152044288992));
#2327=DIRECTION('ref_axis',(0.819152044288992,0.,0.573576436351046));
#2328=DIRECTION('center_axis',(0.573576436351046,0.,-0.819152044288992));
#2329=DIRECTION('ref_axis',(0.819152044288992,0.,0.573576436351046));
#2330=DIRECTION('center_axis',(0.,1.,0.));
#2331=DIRECTION('ref_axis',(-1.,0.,0.));
#2332=DIRECTION('',(0.,0.,1.));
#2333=DIRECTION('center_axis',(0.,0.,1.));
#2334=DIRECTION('ref_axis',(1.,0.,0.));
#2335=DIRECTION('',(0.,0.,-1.));
#2336=DIRECTION('center_axis',(1.,0.,0.));
#2337=DIRECTION('ref_axis',(0.,1.,0.));
#2338=DIRECTION('center_axis',(0.,0.,1.));
#2339=DIRECTION('ref_axis',(-1.,1.22464679914735E-16,0.));
#2340=DIRECTION('',(0.,0.,1.));
#2341=DIRECTION('',(1.,0.,0.));
#2342=CARTESIAN_POINT('',(0.,0.,0.));
#2343=CARTESIAN_POINT('',(0.,0.,0.));
#2344=CARTESIAN_POINT('Origin',(23.9999997870451,-48.5000019073486,1.7999998211861));
#2345=CARTESIAN_POINT('',(25.,-48.5000019073486,1.7999998211861));
#2346=CARTESIAN_POINT('',(25.,-48.5000019073486,9.));
#2347=CARTESIAN_POINT('',(25.,-48.5000019073486,5.39999991059305));
#2348=CARTESIAN_POINT('',(23.9999997870451,-48.5000019073486,1.7999998211861));
#2349=CARTESIAN_POINT('',(35.2499998935225,-48.5000019073486,1.7999998211861));
#2350=CARTESIAN_POINT('',(23.9999997870451,-48.5000019073486,9.));
#2351=CARTESIAN_POINT('',(24.,-48.5000019073486,5.39999991059305));
#2352=CARTESIAN_POINT('',(23.9999997870451,-48.5000019073486,9.));
#2353=CARTESIAN_POINT('Origin',(24.,-77.,9.));
#2354=CARTESIAN_POINT('',(24.,-55.0999999999999,1.7999998211861));
#2355=CARTESIAN_POINT('',(24.,-77.,1.7999998211861));
#2356=CARTESIAN_POINT('',(24.,-55.0999999999999,3.));
#2357=CARTESIAN_POINT('',(24.,-55.0999999999999,5.5));
#2358=CARTESIAN_POINT('',(24.,-69.2999999999999,3.));
#2359=CARTESIAN_POINT('',(24.,-68.75,3.));
#2360=CARTESIAN_POINT('',(24.,-69.2999999999999,1.79999997019771));
#2361=CARTESIAN_POINT('',(24.,-69.2999999999999,5.5));
#2362=CARTESIAN_POINT('',(24.,-77.,1.79999997019771));
#2363=CARTESIAN_POINT('',(24.,-77.,1.79999997019771));
#2364=CARTESIAN_POINT('',(24.,-77.,9.));
#2365=CARTESIAN_POINT('',(24.,-77.,9.));
#2366=CARTESIAN_POINT('',(24.,-77.,9.));
#2367=CARTESIAN_POINT('Origin',(25.,-40.0000001064775,9.));
#2368=CARTESIAN_POINT('',(25.,-40.000000212955,9.00000003576279));
#2369=CARTESIAN_POINT('',(25.,-41.0000000532387,9.));
#2370=CARTESIAN_POINT('',(25.,-40.0000001064775,9.2));
#2371=CARTESIAN_POINT('',(25.,-40.0000001064775,9.));
#2372=CARTESIAN_POINT('',(25.,-77.,9.2));
#2373=CARTESIAN_POINT('',(25.,-77.,9.2));
#2374=CARTESIAN_POINT('',(25.,-77.,7.48453033605962));
#2375=CARTESIAN_POINT('',(25.,-77.,9.));
#2376=CARTESIAN_POINT('',(25.,-76.3180194846606,7.14686712135285));
#2377=CARTESIAN_POINT('',(25.,-56.1121990032171,-2.85746899396316));
#2378=CARTESIAN_POINT('',(25.,-76.3180194846606,1.79999997019771));
#2379=CARTESIAN_POINT('',(25.,-76.3180194846606,9.));
#2380=CARTESIAN_POINT('',(25.,-69.2999999999999,1.79999997019771));
#2381=CARTESIAN_POINT('',(25.,-77.,1.79999997019771));
#2382=CARTESIAN_POINT('',(25.,-69.2999999999999,3.));
#2383=CARTESIAN_POINT('',(25.,-69.2999999999999,5.5));
#2384=CARTESIAN_POINT('',(25.,-55.0999999999999,3.));
#2385=CARTESIAN_POINT('',(25.,-50.2500000532387,3.));
#2386=CARTESIAN_POINT('',(25.,-55.0999999999999,1.7999998211861));
#2387=CARTESIAN_POINT('',(25.,-55.0999999999999,5.5));
#2388=CARTESIAN_POINT('',(25.,-77.,1.7999998211861));
#2389=CARTESIAN_POINT('Origin',(39.4999997870451,-42.,1.7999998211861));
#2390=CARTESIAN_POINT('',(39.4999997870451,-37.,2.37000022649772));
#2391=CARTESIAN_POINT('',(39.4999997870451,-36.,2.37000022649772));
#2392=CARTESIAN_POINT('',(39.4999997870451,-49.6875,2.37000022649772));
#2393=CARTESIAN_POINT('',(39.4999997870451,-37.,9.));
#2394=CARTESIAN_POINT('',(39.4999997870451,-37.,5.39999991059305));
#2395=CARTESIAN_POINT('',(39.4999997870451,-36.,9.));
#2396=CARTESIAN_POINT('',(39.4999997870451,-42.,9.));
#2397=CARTESIAN_POINT('',(39.4999997870451,-36.,5.39999991059305));
#2398=CARTESIAN_POINT('Origin',(63.,-48.5,1.7999998211861));
#2399=CARTESIAN_POINT('',(68.,-48.5,9.));
#2400=CARTESIAN_POINT('',(68.,-48.5,1.7999998211861));
#2401=CARTESIAN_POINT('',(68.,-48.5,5.39999991059305));
#2402=CARTESIAN_POINT('',(69.,-48.5,9.));
#2403=CARTESIAN_POINT('',(69.,-48.5,9.));
#2404=CARTESIAN_POINT('',(69.,-48.5,1.7999998211861));
#2405=CARTESIAN_POINT('',(69.,-48.5,1.79999991059307));
#2406=CARTESIAN_POINT('',(55.3125,-48.5,1.80000000000003));
#2407=CARTESIAN_POINT('Origin',(68.,-76.9999998935225,9.));
#2408=CARTESIAN_POINT('',(68.,-40.000000212955,9.00000003576279));
#2409=CARTESIAN_POINT('',(68.,-59.4999999467612,9.));
#2410=CARTESIAN_POINT('',(68.,-56.25,1.79999997019771));
#2411=CARTESIAN_POINT('',(68.,-40.,1.79999997019771));
#2412=CARTESIAN_POINT('',(68.,-56.25,8.09978845517065));
#2413=CARTESIAN_POINT('',(68.,-56.25,5.40000000000002));
#2414=CARTESIAN_POINT('',(68.,-60.75,8.09978845517066));
#2415=CARTESIAN_POINT('',(68.,-68.3124999467612,8.09978845517065));
#2416=CARTESIAN_POINT('',(68.,-60.75,1.79999997019771));
#2417=CARTESIAN_POINT('',(68.,-60.75,5.40000000000002));
#2418=CARTESIAN_POINT('',(68.,-76.9999998935225,1.79999997019771));
#2419=CARTESIAN_POINT('',(68.,-40.,1.79999997019771));
#2420=CARTESIAN_POINT('',(68.,-76.9999998935225,9.2));
#2421=CARTESIAN_POINT('',(68.,-76.9999998935225,9.));
#2422=CARTESIAN_POINT('',(68.,-40.,9.2));
#2423=CARTESIAN_POINT('',(68.,-40.,9.2));
#2424=CARTESIAN_POINT('',(68.,-40.,9.));
#2425=CARTESIAN_POINT('Origin',(47.625,-59.625,1.80000000000003));
#2426=CARTESIAN_POINT('',(69.,-77.,1.79999997019771));
#2427=CARTESIAN_POINT('',(69.,-40.,1.79999997019771));
#2428=CARTESIAN_POINT('',(65.,-81.,1.79999997019771));
#2429=CARTESIAN_POINT('Origin',(64.99999957409,-76.99999957409,1.79999997019771));
#2430=CARTESIAN_POINT('',(62.8661178078267,-81.,1.79999997019771));
#2431=CARTESIAN_POINT('',(65.,-81.,1.79999997019771));
#2432=CARTESIAN_POINT('',(62.8661178078267,-80.,1.79999997019771));
#2433=CARTESIAN_POINT('',(62.8661178078267,-70.3125,1.80000000000003));
#2434=CARTESIAN_POINT('',(65.,-80.,1.79999997019771));
#2435=CARTESIAN_POINT('',(65.,-80.,1.79999997019771));
#2436=CARTESIAN_POINT('Origin',(64.99999957409,-76.99999957409,1.79999997019771));
#2437=CARTESIAN_POINT('',(67.5,-60.25,1.80000000000003));
#2438=CARTESIAN_POINT('Origin',(67.5,-60.75,1.80000000000003));
#2439=CARTESIAN_POINT('',(65.,-60.25,1.80000000000003));
#2440=CARTESIAN_POINT('',(65.,-60.25,1.80000000000003));
#2441=CARTESIAN_POINT('',(65.,-56.75,1.80000000000003));
#2442=CARTESIAN_POINT('Origin',(65.,-58.5,1.80000000000003));
#2443=CARTESIAN_POINT('',(67.5,-56.75,1.80000000000003));
#2444=CARTESIAN_POINT('',(69.,-56.75,1.80000000000003));
#2445=CARTESIAN_POINT('Origin',(67.5,-56.25,1.80000000000003));
#2446=CARTESIAN_POINT('',(64.175,-58.5,1.80000000000003));
#2447=CARTESIAN_POINT('Origin',(65.,-58.5,1.80000000000003));
#2448=CARTESIAN_POINT('Origin',(53.5,-36.,1.7999998211861));
#2449=CARTESIAN_POINT('',(53.5,-36.,2.37000022649772));
#2450=CARTESIAN_POINT('',(53.5,-37.,2.37000022649772));
#2451=CARTESIAN_POINT('',(53.5,-46.6875,2.37000022649772));
#2452=CARTESIAN_POINT('',(53.5,-36.,9.));
#2453=CARTESIAN_POINT('',(53.5,-36.,5.39999991059305));
#2454=CARTESIAN_POINT('',(53.5,-37.,9.));
#2455=CARTESIAN_POINT('',(53.5,-42.,9.));
#2456=CARTESIAN_POINT('',(53.5,-37.,5.39999991059305));
#2457=CARTESIAN_POINT('Origin',(64.9999998935225,-37.,9.));
#2458=CARTESIAN_POINT('',(44.25,-37.,2.37000022649772));
#2459=CARTESIAN_POINT('',(56.3124999467613,-37.,2.37000022649772));
#2460=CARTESIAN_POINT('',(44.25,-37.,8.09978845517066));
#2461=CARTESIAN_POINT('',(44.25,-37.,5.40000000000002));
#2462=CARTESIAN_POINT('',(48.75,-37.,8.09978845517066));
#2463=CARTESIAN_POINT('',(56.3124999467613,-37.,8.09978845517066));
#2464=CARTESIAN_POINT('',(48.75,-37.,2.37000022649772));
#2465=CARTESIAN_POINT('',(48.75,-37.,5.40000000000002));
#2466=CARTESIAN_POINT('',(56.3124999467613,-37.,2.37000022649772));
#2467=CARTESIAN_POINT('',(64.9999998935225,-37.,9.));
#2468=CARTESIAN_POINT('',(63.9999999467613,-37.,9.));
#2469=CARTESIAN_POINT('',(64.9999998935225,-37.,9.2));
#2470=CARTESIAN_POINT('',(64.9999998935225,-37.,9.));
#2471=CARTESIAN_POINT('',(28.,-37.,9.2));
#2472=CARTESIAN_POINT('',(28.,-37.,9.2));
#2473=CARTESIAN_POINT('',(28.,-37.,9.));
#2474=CARTESIAN_POINT('',(28.,-37.,9.));
#2475=CARTESIAN_POINT('',(47.4999998402838,-37.,9.));
#2476=CARTESIAN_POINT('Origin',(60.8661178078267,-82.,4.18));
#2477=CARTESIAN_POINT('',(62.8661178078267,-81.,4.18));
#2478=CARTESIAN_POINT('',(60.8661178078267,-81.,6.18));
#2479=CARTESIAN_POINT('Origin',(60.8661178078267,-81.,4.18));
#2480=CARTESIAN_POINT('',(60.8661178078267,-80.,6.18));
#2481=CARTESIAN_POINT('',(60.8661178078267,-82.,6.18));
#2482=CARTESIAN_POINT('',(62.8661178078267,-80.,4.18));
#2483=CARTESIAN_POINT('Origin',(60.8661178078267,-80.,4.18));
#2484=CARTESIAN_POINT('',(62.8661178078267,-82.,4.18));
#2485=CARTESIAN_POINT('Origin',(46.007500000005,-83.,6.18));
#2486=CARTESIAN_POINT('',(46.007500000005,-81.,6.18));
#2487=CARTESIAN_POINT('',(57.4257279672005,-81.,6.18));
#2488=CARTESIAN_POINT('',(46.007500000005,-80.,6.18));
#2489=CARTESIAN_POINT('',(46.007500000005,-83.,6.18));
#2490=CARTESIAN_POINT('',(37.0037500532413,-80.,6.18));
#2491=CARTESIAN_POINT('Origin',(62.8661178078267,-81.,6.18));
#2492=CARTESIAN_POINT('',(62.8661178078267,-80.,7.59));
#2493=CARTESIAN_POINT('',(62.8661178078267,-81.,7.59));
#2494=CARTESIAN_POINT('Origin',(65.,-81.,9.));
#2495=CARTESIAN_POINT('',(65.,-81.,9.));
#2496=CARTESIAN_POINT('',(65.,-81.,9.));
#2497=CARTESIAN_POINT('',(28.,-81.,9.));
#2498=CARTESIAN_POINT('',(65.,-81.,9.));
#2499=CARTESIAN_POINT('',(28.,-81.,1.79999997019771));
#2500=CARTESIAN_POINT('',(28.,-81.,9.));
#2501=CARTESIAN_POINT('',(43.4831386946412,-81.,1.79999997019771));
#2502=CARTESIAN_POINT('',(65.,-81.,1.79999997019771));
#2503=CARTESIAN_POINT('',(43.4831386946412,-81.,2.));
#2504=CARTESIAN_POINT('',(43.4831386946412,-81.,2.));
#2505=CARTESIAN_POINT('',(43.327500000005,-81.,2.89999999999));
#2506=CARTESIAN_POINT('Origin',(46.007500000005,-81.,2.89999999999));
#2507=CARTESIAN_POINT('',(43.327500000005,-81.,3.5));
#2508=CARTESIAN_POINT('',(43.327500000005,-81.,5.949999999995));
#2509=CARTESIAN_POINT('Origin',(46.007500000005,-81.,3.5));
#2510=CARTESIAN_POINT('Origin',(64.99999957409,-40.00000042591,9.));
#2511=CARTESIAN_POINT('Origin',(64.99999957409,-40.00000042591,9.));
#2512=CARTESIAN_POINT('Origin',(64.99999957409,-40.00000042591,9.2));
#2513=CARTESIAN_POINT('Origin',(47.625,-57.375,2.37000022649772));
#2514=CARTESIAN_POINT('',(37.8125,-36.,2.37000022649772));
#2515=CARTESIAN_POINT('',(48.25,-37.5,2.37000022649772));
#2516=CARTESIAN_POINT('Origin',(48.75,-37.5,2.37000022649772));
#2517=CARTESIAN_POINT('',(48.25,-40.,2.37000022649772));
#2518=CARTESIAN_POINT('',(48.25,-48.6875,2.37000022649772));
#2519=CARTESIAN_POINT('',(44.75,-40.,2.37000022649772));
#2520=CARTESIAN_POINT('Origin',(46.5,-40.,2.37000022649772));
#2521=CARTESIAN_POINT('',(44.75,-37.5,2.37000022649772));
#2522=CARTESIAN_POINT('',(44.75,-46.6875,2.37000022649772));
#2523=CARTESIAN_POINT('Origin',(44.25,-37.5,2.37000022649772));
#2524=CARTESIAN_POINT('',(46.5,-40.825,2.37000022649772));
#2525=CARTESIAN_POINT('Origin',(46.5,-40.,2.37000022649772));
#2526=CARTESIAN_POINT('Origin',(46.5,-58.5,9.));
#2527=CARTESIAN_POINT('',(71.,-40.,9.));
#2528=CARTESIAN_POINT('',(71.,-77.000000212955,9.));
#2529=CARTESIAN_POINT('',(71.,-40.,9.));
#2530=CARTESIAN_POINT('',(65.,-83.,9.));
#2531=CARTESIAN_POINT('Origin',(64.99999957409,-76.99999957409,9.));
#2532=CARTESIAN_POINT('',(27.999999787045,-83.,9.));
#2533=CARTESIAN_POINT('',(65.,-83.,9.));
#2534=CARTESIAN_POINT('',(22.,-77.,9.));
#2535=CARTESIAN_POINT('Origin',(28.00000042591,-76.99999957409,9.));
#2536=CARTESIAN_POINT('',(22.,-39.999999787045,9.));
#2537=CARTESIAN_POINT('',(22.,-77.,9.));
#2538=CARTESIAN_POINT('',(28.,-34.,9.));
#2539=CARTESIAN_POINT('Origin',(28.00000042591,-40.00000042591,9.));
#2540=CARTESIAN_POINT('',(65.000000212955,-34.,9.));
#2541=CARTESIAN_POINT('',(28.,-34.,9.));
#2542=CARTESIAN_POINT('Origin',(64.99999957409,-40.00000042591,9.));
#2543=CARTESIAN_POINT('',(28.,-36.,9.));
#2544=CARTESIAN_POINT('Origin',(28.00000042591,-40.00000042591,9.));
#2545=CARTESIAN_POINT('Origin',(28.00000042591,-76.99999957409,9.));
#2546=CARTESIAN_POINT('',(69.,-77.,9.));
#2547=CARTESIAN_POINT('Origin',(64.99999957409,-76.99999957409,9.));
#2548=CARTESIAN_POINT('',(69.,-40.,9.));
#2549=CARTESIAN_POINT('Origin',(46.5,-58.5,1.7999998211861));
#2550=CARTESIAN_POINT('',(35.75,-55.1,1.7999998211861));
#2551=CARTESIAN_POINT('Origin',(28.6819805153395,-79.5,9.));
#2552=CARTESIAN_POINT('',(28.3284271247462,-79.1464466094067,1.80000000000003));
#2553=CARTESIAN_POINT('',(28.6819805153395,-80.,1.79999997019771));
#2554=CARTESIAN_POINT('Origin',(28.6819805153395,-79.5,1.80000000000003));
#2555=CARTESIAN_POINT('',(28.3284271247462,-79.1464466094067,6.89930637209982));
#2556=CARTESIAN_POINT('',(28.3284271247462,-79.1464466094067,9.));
#2557=CARTESIAN_POINT('',(28.6819805153395,-80.,7.14686712135283));
#2558=CARTESIAN_POINT('Origin',(28.6819805153395,-79.5,6.89930637209982));
#2559=CARTESIAN_POINT('',(28.6819805153395,-80.,9.));
#2560=CARTESIAN_POINT('Origin',(28.0000001064775,-80.,9.));
#2561=CARTESIAN_POINT('',(43.327500000005,-80.,3.5));
#2562=CARTESIAN_POINT('Origin',(46.007500000005,-80.,3.5));
#2563=CARTESIAN_POINT('',(43.327500000005,-80.,2.89999999999));
#2564=CARTESIAN_POINT('',(43.327500000005,-80.,5.949999999995));
#2565=CARTESIAN_POINT('',(43.4831386946412,-80.,2.));
#2566=CARTESIAN_POINT('Origin',(46.007500000005,-80.,2.89999999999));
#2567=CARTESIAN_POINT('',(43.4831386946412,-80.,1.79999997019771));
#2568=CARTESIAN_POINT('',(43.4831386946412,-80.,2.));
#2569=CARTESIAN_POINT('',(65.,-80.,1.79999997019771));
#2570=CARTESIAN_POINT('',(28.0000001064775,-80.,7.48453028334032));
#2571=CARTESIAN_POINT('',(33.3912199560262,-80.,4.81522143265634));
#2572=CARTESIAN_POINT('',(28.0000001064775,-80.,9.2));
#2573=CARTESIAN_POINT('',(28.0000001064775,-80.,9.));
#2574=CARTESIAN_POINT('',(65.,-80.,9.2));
#2575=CARTESIAN_POINT('',(65.,-80.,9.2));
#2576=CARTESIAN_POINT('',(65.,-80.,9.));
#2577=CARTESIAN_POINT('Origin',(25.5,-76.3180194846606,9.));
#2578=CARTESIAN_POINT('',(25.8535533905933,-76.6715728752538,6.89930637209984));
#2579=CARTESIAN_POINT('Origin',(25.5,-76.3180194846606,6.89930637209983));
#2580=CARTESIAN_POINT('',(25.8535533905933,-76.6715728752538,1.80000000000003));
#2581=CARTESIAN_POINT('',(25.8535533905933,-76.6715728752538,9.));
#2582=CARTESIAN_POINT('Origin',(25.5,-76.3180194846606,1.80000000000003));
#2583=CARTESIAN_POINT('Origin',(48.75,-37.5,5.40000000000002));
#2584=CARTESIAN_POINT('',(48.25,-37.5,7.74968468606581));
#2585=CARTESIAN_POINT('Origin',(48.75,-37.5,7.74968468606581));
#2586=CARTESIAN_POINT('',(48.25,-37.5,5.40000000000002));
#2587=CARTESIAN_POINT('Origin',(48.25,-40.,1.80000000000003));
#2588=CARTESIAN_POINT('',(48.25,-40.,5.99916584054154));
#2589=CARTESIAN_POINT('',(48.25,-47.7411682443817,0.578741481275819));
#2590=CARTESIAN_POINT('',(48.25,-40.,1.80000000000003));
#2591=CARTESIAN_POINT('Origin',(44.25,-37.5,5.40000000000002));
#2592=CARTESIAN_POINT('',(44.75,-37.5,7.74968468606581));
#2593=CARTESIAN_POINT('Origin',(44.25,-37.5,7.74968468606581));
#2594=CARTESIAN_POINT('',(44.75,-37.5,5.40000000000002));
#2595=CARTESIAN_POINT('Origin',(67.5,-56.25,5.40000000000002));
#2596=CARTESIAN_POINT('',(67.5,-56.75,7.74968468606579));
#2597=CARTESIAN_POINT('Origin',(67.5,-56.25,7.7496846860658));
#2598=CARTESIAN_POINT('',(67.5,-56.75,5.40000000000002));
#2599=CARTESIAN_POINT('Origin',(67.5,-60.75,5.40000000000002));
#2600=CARTESIAN_POINT('',(67.5,-60.25,7.7496846860658));
#2601=CARTESIAN_POINT('Origin',(67.5,-60.75,7.7496846860658));
#2602=CARTESIAN_POINT('',(67.5,-60.25,5.40000000000002));
#2603=CARTESIAN_POINT('Origin',(65.,-60.25,1.80000000000003));
#2604=CARTESIAN_POINT('',(65.,-60.25,5.99916584054154));
#2605=CARTESIAN_POINT('',(57.2588317556183,-60.25,0.578741481275819));
#2606=CARTESIAN_POINT('',(65.,-60.25,1.80000000000003));
#2607=CARTESIAN_POINT('Origin',(28.00000042591,-40.00000042591,9.));
#2608=CARTESIAN_POINT('Origin',(28.00000042591,-40.00000042591,9.2));
#2609=CARTESIAN_POINT('Origin',(44.75,-36.,1.80000000000003));
#2610=CARTESIAN_POINT('',(44.75,-40.,5.99916584054154));
#2611=CARTESIAN_POINT('',(44.75,-40.,1.80000000000003));
#2612=CARTESIAN_POINT('',(44.75,-46.3991481010561,1.51843410206172));
#2613=CARTESIAN_POINT('Origin',(46.5,-40.,1.80000000000003));
#2614=CARTESIAN_POINT('Origin',(46.5,-40.,5.99916584054154));
#2615=CARTESIAN_POINT('Origin',(43.4831386946412,-80.,2.));
#2616=CARTESIAN_POINT('',(43.4831386946412,-83.,2.));
#2617=CARTESIAN_POINT('',(43.4831386946412,-83.,1.79999997019771));
#2618=CARTESIAN_POINT('Origin',(26.4090097423303,-81.0658639918226,1.80000000000003));
#2619=CARTESIAN_POINT('',(29.2374368670765,-78.2374368670764,1.80000000000003));
#2620=CARTESIAN_POINT('',(26.4090097423303,-81.0658639918226,1.80000000000003));
#2621=CARTESIAN_POINT('',(29.2374368670765,-78.2374368670764,5.99916584054154));
#2622=CARTESIAN_POINT('',(29.2374368670765,-78.2374368670764,1.80000000000003));
#2623=CARTESIAN_POINT('',(33.7623178831503,-73.7125558510027,1.51843410206172));
#2624=CARTESIAN_POINT('Origin',(26.7625631329236,-75.7625631329235,1.80000000000003));
#2625=CARTESIAN_POINT('',(26.7625631329236,-75.7625631329235,5.99916584054154));
#2626=CARTESIAN_POINT('',(32.2363956928319,-70.2887305730152,0.578741481275819));
#2627=CARTESIAN_POINT('',(26.7625631329236,-75.7625631329235,1.80000000000003));
#2628=CARTESIAN_POINT('',(26.7625631329236,-75.7625631329235,1.80000000000003));
#2629=CARTESIAN_POINT('',(26.7625631329236,-75.7625631329235,1.80000000000003));
#2630=CARTESIAN_POINT('Origin',(46.007500000005,-83.,2.89999999999));
#2631=CARTESIAN_POINT('',(43.327500000005,-83.,2.89999999999));
#2632=CARTESIAN_POINT('Origin',(47.625,-53.5093739118569,-3.46019960903428));
#2633=CARTESIAN_POINT('',(46.5,-40.825,5.42149462151853));
#2634=CARTESIAN_POINT('Origin',(46.5,-40.,5.99916584054154));
#2635=CARTESIAN_POINT('Origin',(46.5,-40.,1.80000000000003));
#2636=CARTESIAN_POINT('',(46.5,-40.825,1.80000000000003));
#2637=CARTESIAN_POINT('Origin',(28.,-36.,9.));
#2638=CARTESIAN_POINT('Origin',(36.7570747738238,-66.6519349685065,-3.46019960903428));
#2639=CARTESIAN_POINT('Origin',(28.00000042591,-76.99999957409,5.99916541878712));
#2640=CARTESIAN_POINT('Origin',(28.,-77.,5.99916584054154));
#2641=CARTESIAN_POINT('',(28.5833630944789,-76.4166369055211,5.42149462151853));
#2642=CARTESIAN_POINT('Origin',(28.,-77.,5.99916584054154));
#2643=CARTESIAN_POINT('Origin',(28.,-77.,1.80000000000003));
#2644=CARTESIAN_POINT('',(28.5833630944789,-76.4166369055211,1.80000000000003));
#2645=CARTESIAN_POINT('',(28.5833630944789,-76.4166369055211,1.80000000000003));
#2646=CARTESIAN_POINT('Origin',(28.,-77.,1.80000000000003));
#2647=CARTESIAN_POINT('Origin',(28.,-77.,1.80000000000003));
#2648=CARTESIAN_POINT('Origin',(28.,-77.,1.80000000000003));
#2649=CARTESIAN_POINT('Origin',(39.4904851942814,-63.9185245480489,1.80000000000003));
#2650=CARTESIAN_POINT('Origin',(28.00000042591,-76.99999957409,1.79999997019771));
#2651=CARTESIAN_POINT('',(35.25,-69.3,1.79999997019771));
#2652=CARTESIAN_POINT('Origin',(43.327500000005,-83.,2.89999999999));
#2653=CARTESIAN_POINT('',(43.327500000005,-83.,3.5));
#2654=CARTESIAN_POINT('Origin',(46.007500000005,-83.,3.5));
#2655=CARTESIAN_POINT('Origin',(24.,-69.2999999999999,2.));
#2656=CARTESIAN_POINT('',(24.1874999999999,-69.2999999999999,3.));
#2657=CARTESIAN_POINT('Origin',(25.,-55.0999999999999,2.));
#2658=CARTESIAN_POINT('',(24.1875000000001,-55.0999999999999,3.));
#2659=CARTESIAN_POINT('Origin',(46.5,-60.5,3.));
#2660=CARTESIAN_POINT('Origin',(68.9497042908256,-49.2500000354925,10.1463849631872));
#2661=CARTESIAN_POINT('',(69.8169063352153,-40.00000042591,11.0927699263743));
#2662=CARTESIAN_POINT('',(68.0825022464359,-40.00000042591,9.2));
#2663=CARTESIAN_POINT('',(69.8169063352153,-40.00000042591,11.0927699263743));
#2664=CARTESIAN_POINT('',(68.0825022464359,-76.99999957409,9.2));
#2665=CARTESIAN_POINT('',(68.0825022464359,-49.2500000354925,9.2));
#2666=CARTESIAN_POINT('',(69.8169063352153,-76.99999957409,11.0927699263743));
#2667=CARTESIAN_POINT('',(68.0825022464359,-76.99999957409,9.2));
#2668=CARTESIAN_POINT('',(69.8169063352153,-49.2500000354925,11.0927699263743));
#2669=CARTESIAN_POINT('Origin',(64.99999957409,-40.00000042591,10.1463849631872));
#2670=CARTESIAN_POINT('',(64.99999957409,-35.1830936647847,11.0927699263743));
#2671=CARTESIAN_POINT('',(64.99999957409,-36.9174977535641,9.2));
#2672=CARTESIAN_POINT('',(64.99999957409,-35.1830936647847,11.0927699263743));
#2673=CARTESIAN_POINT('Origin',(64.99999957409,-40.00000042591,9.2));
#2674=CARTESIAN_POINT('Origin',(64.99999957409,-40.00000042591,11.0927699263743));
#2675=CARTESIAN_POINT('Origin',(37.2500000354925,-36.0502957091744,10.1463849631872));
#2676=CARTESIAN_POINT('',(28.00000042591,-35.1830936647846,11.0927699263743));
#2677=CARTESIAN_POINT('',(28.00000042591,-36.9174977535641,9.2));
#2678=CARTESIAN_POINT('',(28.00000042591,-35.1830936647846,11.0927699263743));
#2679=CARTESIAN_POINT('',(37.2500000354925,-36.9174977535641,9.2));
#2680=CARTESIAN_POINT('',(37.2500000354925,-35.1830936647846,11.0927699263743));
#2681=CARTESIAN_POINT('Origin',(28.00000042591,-40.00000042591,10.1463849631872));
#2682=CARTESIAN_POINT('',(23.1830936647847,-40.00000042591,11.0927699263743));
#2683=CARTESIAN_POINT('',(24.9174977535641,-40.00000042591,9.2));
#2684=CARTESIAN_POINT('',(23.1830936647847,-40.00000042591,11.0927699263743));
#2685=CARTESIAN_POINT('Origin',(28.00000042591,-40.00000042591,9.2));
#2686=CARTESIAN_POINT('Origin',(28.00000042591,-40.00000042591,11.0927699263743));
#2687=CARTESIAN_POINT('Origin',(24.0502957091744,-67.7499999645075,10.1463849631872));
#2688=CARTESIAN_POINT('',(23.1830936647847,-76.99999957409,11.0927699263743));
#2689=CARTESIAN_POINT('',(24.9174977535641,-76.99999957409,9.2));
#2690=CARTESIAN_POINT('',(23.1830936647847,-76.99999957409,11.0927699263743));
#2691=CARTESIAN_POINT('',(24.9174977535641,-67.7499999645075,9.2));
#2692=CARTESIAN_POINT('',(23.1830936647847,-67.7499999645075,11.0927699263743));
#2693=CARTESIAN_POINT('Origin',(28.00000042591,-76.99999957409,10.1463849631872));
#2694=CARTESIAN_POINT('',(28.00000042591,-81.8169063352153,11.0927699263743));
#2695=CARTESIAN_POINT('',(28.00000042591,-80.0825022464359,9.2));
#2696=CARTESIAN_POINT('',(28.00000042591,-81.8169063352153,11.0927699263743));
#2697=CARTESIAN_POINT('Origin',(28.00000042591,-76.99999957409,9.2));
#2698=CARTESIAN_POINT('Origin',(28.00000042591,-76.99999957409,11.0927699263743));
#2699=CARTESIAN_POINT('Origin',(55.7499999645075,-80.9497042908256,10.1463849631872));
#2700=CARTESIAN_POINT('',(64.99999957409,-81.8169063352153,11.0927699263743));
#2701=CARTESIAN_POINT('',(64.99999957409,-80.0825022464359,9.2));
#2702=CARTESIAN_POINT('',(64.99999957409,-81.8169063352153,11.0927699263743));
#2703=CARTESIAN_POINT('',(55.7499999645075,-80.0825022464359,9.2));
#2704=CARTESIAN_POINT('',(55.7499999645075,-81.8169063352153,11.0927699263743));
#2705=CARTESIAN_POINT('Origin',(64.99999957409,-76.99999957409,10.1463849631872));
#2706=CARTESIAN_POINT('Origin',(64.99999957409,-76.99999957409,9.2));
#2707=CARTESIAN_POINT('Origin',(64.99999957409,-76.99999957409,11.0927699263743));
#2708=CARTESIAN_POINT('Origin',(28.00000042591,-40.00000042591,8.99999976158142));
#2709=CARTESIAN_POINT('',(28.00000042591,-36.6972800932618,28.4));
#2710=CARTESIAN_POINT('',(28.00000042591,-35.,8.99999976158142));
#2711=CARTESIAN_POINT('',(24.6972800932619,-40.00000042591,28.4));
#2712=CARTESIAN_POINT('Origin',(28.00000042591,-40.00000042591,28.4));
#2713=CARTESIAN_POINT('',(23.,-40.00000042591,8.99999976158142));
#2714=CARTESIAN_POINT('Origin',(28.000000070985,-35.0000000207795,8.99999999909274));
#2715=CARTESIAN_POINT('',(64.99999957409,-36.6972800932619,28.4));
#2716=CARTESIAN_POINT('',(64.99999957409,-35.,8.99999976158142));
#2717=CARTESIAN_POINT('',(37.2500000354925,-36.6972800932618,28.4));
#2718=CARTESIAN_POINT('Origin',(64.99999957409,-40.00000042591,8.99999976158142));
#2719=CARTESIAN_POINT('',(68.3027199067381,-40.00000042591,28.4));
#2720=CARTESIAN_POINT('',(70.,-40.00000042591,8.99999976158142));
#2721=CARTESIAN_POINT('Origin',(64.99999957409,-40.00000042591,28.4));
#2722=CARTESIAN_POINT('Origin',(69.9999999792204,-40.000000070985,8.99999999909274));
#2723=CARTESIAN_POINT('',(68.3027199067381,-76.99999957409,28.4));
#2724=CARTESIAN_POINT('',(70.,-76.99999957409,8.99999976158142));
#2725=CARTESIAN_POINT('',(68.3027199067381,-49.2500000354925,28.4));
#2726=CARTESIAN_POINT('Origin',(46.5,-58.5,9.2));
#2727=CARTESIAN_POINT('Origin',(64.99999957409,-76.99999957409,9.2));
#2728=CARTESIAN_POINT('Origin',(28.00000042591,-76.99999957409,9.2));
#2729=CARTESIAN_POINT('Origin',(68.3338955346052,-67.7500001064775,28.));
#2730=CARTESIAN_POINT('',(68.3338955346052,-76.99999957409,29.));
#2731=CARTESIAN_POINT('',(69.3300902326969,-76.99999957409,28.0871557427477));
#2732=CARTESIAN_POINT('Origin',(68.3338955346052,-76.99999957409,28.));
#2733=CARTESIAN_POINT('',(69.3300902326969,-40.00000042591,28.0871557427477));
#2734=CARTESIAN_POINT('',(69.3300902326969,-67.7500001064775,28.0871557427477));
#2735=CARTESIAN_POINT('',(68.3338955346052,-40.00000042591,29.));
#2736=CARTESIAN_POINT('Origin',(68.3338955346052,-40.00000042591,28.));
#2737=CARTESIAN_POINT('',(68.3338955346052,-67.7500001064775,29.));
#2738=CARTESIAN_POINT('Origin',(64.99999957409,-40.00000042591,28.));
#2739=CARTESIAN_POINT('',(64.99999957409,-35.6699097673031,28.0871557427476));
#2740=CARTESIAN_POINT('',(64.99999957409,-36.6661044653948,29.));
#2741=CARTESIAN_POINT('Origin',(64.99999957409,-36.6661044653948,28.));
#2742=CARTESIAN_POINT('Origin',(64.99999957409,-40.00000042591,29.));
#2743=CARTESIAN_POINT('Origin',(64.99999957409,-40.00000042591,28.0871557427476));
#2744=CARTESIAN_POINT('Origin',(55.7500001064775,-36.6661044653948,28.));
#2745=CARTESIAN_POINT('',(28.00000042591,-35.6699097673031,28.0871557427477));
#2746=CARTESIAN_POINT('',(28.00000042591,-36.6661044653948,29.));
#2747=CARTESIAN_POINT('Origin',(28.00000042591,-36.6661044653948,28.));
#2748=CARTESIAN_POINT('',(55.7500001064775,-36.6661044653948,29.));
#2749=CARTESIAN_POINT('',(55.7500001064775,-35.6699097673031,28.0871557427477));
#2750=CARTESIAN_POINT('Origin',(28.00000042591,-40.00000042591,28.));
#2751=CARTESIAN_POINT('',(23.6699097673031,-40.00000042591,28.0871557427477));
#2752=CARTESIAN_POINT('',(24.6661044653948,-40.00000042591,29.));
#2753=CARTESIAN_POINT('Origin',(24.6661044653948,-40.00000042591,28.));
#2754=CARTESIAN_POINT('Origin',(28.00000042591,-40.00000042591,29.));
#2755=CARTESIAN_POINT('Origin',(28.00000042591,-40.00000042591,28.0871557427477));
#2756=CARTESIAN_POINT('Origin',(24.6661044653949,-49.2499998935225,28.));
#2757=CARTESIAN_POINT('',(23.6699097673031,-76.99999957409,28.0871557427477));
#2758=CARTESIAN_POINT('',(24.6661044653948,-76.99999957409,29.));
#2759=CARTESIAN_POINT('Origin',(24.6661044653948,-76.99999957409,28.));
#2760=CARTESIAN_POINT('',(24.6661044653949,-49.2499998935225,29.));
#2761=CARTESIAN_POINT('',(23.6699097673031,-49.2499998935225,28.0871557427477));
#2762=CARTESIAN_POINT('Origin',(28.00000042591,-76.99999957409,28.));
#2763=CARTESIAN_POINT('',(28.00000042591,-81.3300902326969,28.0871557427477));
#2764=CARTESIAN_POINT('',(28.00000042591,-80.3338955346052,29.));
#2765=CARTESIAN_POINT('Origin',(28.00000042591,-80.3338955346052,28.));
#2766=CARTESIAN_POINT('Origin',(28.00000042591,-76.99999957409,29.));
#2767=CARTESIAN_POINT('Origin',(28.00000042591,-76.99999957409,28.0871557427477));
#2768=CARTESIAN_POINT('Origin',(37.2499998935225,-80.3338955346051,28.));
#2769=CARTESIAN_POINT('',(64.99999957409,-81.3300902326969,28.0871557427477));
#2770=CARTESIAN_POINT('',(64.99999957409,-80.3338955346051,29.));
#2771=CARTESIAN_POINT('Origin',(64.99999957409,-80.3338955346051,28.));
#2772=CARTESIAN_POINT('',(37.2499998935225,-80.3338955346051,29.));
#2773=CARTESIAN_POINT('',(37.2499998935225,-81.3300902326969,28.0871557427477));
#2774=CARTESIAN_POINT('Origin',(64.99999957409,-76.99999957409,28.));
#2775=CARTESIAN_POINT('Origin',(64.99999957409,-76.99999957409,29.));
#2776=CARTESIAN_POINT('Origin',(64.99999957409,-76.99999957409,28.0871557427477));
#2777=CARTESIAN_POINT('Origin',(28.00000042591,-40.00000042591,8.99999976158142));
#2778=CARTESIAN_POINT('',(28.00000042591,-34.,8.99999976158142));
#2779=CARTESIAN_POINT('',(22.,-40.00000042591,8.99999976158142));
#2780=CARTESIAN_POINT('Origin',(65.000000212955,-34.0000000207796,8.99999999909274));
#2781=CARTESIAN_POINT('',(64.99999957409,-34.,8.99999976158142));
#2782=CARTESIAN_POINT('Origin',(64.99999957409,-40.00000042591,8.99999976158142));
#2783=CARTESIAN_POINT('',(71.,-40.00000042591,8.99999976158142));
#2784=CARTESIAN_POINT('Origin',(70.9999999792204,-77.000000212955,8.99999999909275));
#2785=CARTESIAN_POINT('',(71.,-76.99999957409,8.99999976158142));
#2786=CARTESIAN_POINT('Origin',(46.5,-58.5,29.));
#2787=CARTESIAN_POINT('Origin',(46.5,-58.5,28.4));
#2788=CARTESIAN_POINT('',(28.00000042591,-80.3027199067381,28.4));
#2789=CARTESIAN_POINT('',(64.99999957409,-80.3027199067381,28.4));
#2790=CARTESIAN_POINT('',(55.7499999645075,-80.3027199067381,28.4));
#2791=CARTESIAN_POINT('',(24.6972800932619,-76.99999957409,28.4));
#2792=CARTESIAN_POINT('Origin',(28.00000042591,-76.99999957409,28.4));
#2793=CARTESIAN_POINT('',(24.6972800932619,-67.7499999645075,28.4));
#2794=CARTESIAN_POINT('Origin',(64.99999957409,-76.99999957409,28.4));
#2795=CARTESIAN_POINT('Origin',(23.0000000207796,-76.999999929015,8.99999999909274));
#2796=CARTESIAN_POINT('',(23.,-76.99999957409,8.99999976158142));
#2797=CARTESIAN_POINT('Origin',(28.00000042591,-76.99999957409,8.99999976158142));
#2798=CARTESIAN_POINT('',(28.00000042591,-82.,8.99999976158142));
#2799=CARTESIAN_POINT('Origin',(64.999999929015,-81.9999999792204,8.99999999909274));
#2800=CARTESIAN_POINT('',(64.99999957409,-82.,8.99999976158142));
#2801=CARTESIAN_POINT('Origin',(64.99999957409,-76.99999957409,8.99999976158142));
#2802=CARTESIAN_POINT('Origin',(64.99999957409,-76.99999957409,8.99999976158142));
#2803=CARTESIAN_POINT('',(64.99999957409,-83.,8.99999976158142));
#2804=CARTESIAN_POINT('Origin',(27.999999787045,-82.9999999792204,8.99999999909275));
#2805=CARTESIAN_POINT('',(28.00000042591,-83.,8.99999976158142));
#2806=CARTESIAN_POINT('Origin',(28.00000042591,-76.99999957409,8.99999976158142));
#2807=CARTESIAN_POINT('',(22.,-76.99999957409,8.99999976158142));
#2808=CARTESIAN_POINT('Origin',(22.0000000207796,-39.999999787045,8.99999999909274));
#2809=CARTESIAN_POINT('Origin',(64.99999957409,-76.99999957409,9.));
#2810=CARTESIAN_POINT('Origin',(28.00000042591,-76.99999957409,9.));
#2811=CARTESIAN_POINT('Origin',(28.00000042591,-76.99999957409,9.));
#2812=CARTESIAN_POINT('Origin',(64.99999957409,-76.99999957409,9.));
#2813=CARTESIAN_POINT('',(69.,-77.,9.));
#2814=CARTESIAN_POINT('Origin',(51.4906260881431,-59.625,-3.46019960903428));
#2815=CARTESIAN_POINT('',(65.,-56.75,5.99916584054154));
#2816=CARTESIAN_POINT('',(58.6008518989439,-56.75,1.51843410206172));
#2817=CARTESIAN_POINT('Origin',(65.,-58.5,5.99916584054154));
#2818=CARTESIAN_POINT('',(64.175,-58.5,5.42149462151853));
#2819=CARTESIAN_POINT('Origin',(65.,-58.5,5.99916584054154));
#2820=CARTESIAN_POINT('Origin',(69.,-56.75,1.80000000000003));
#2821=CARTESIAN_POINT('',(65.,-56.75,1.80000000000003));
#2822=CARTESIAN_POINT('Origin',(65.,-58.5,1.80000000000003));
#2823=CARTESIAN_POINT('',(64.175,-58.5,1.80000000000003));
#2824=CARTESIAN_POINT('Origin',(69.,-60.25,1.80000000000003));
#2825=CARTESIAN_POINT('Origin',(65.,-58.5,1.80000000000003));
#2826=CARTESIAN_POINT('',(0.,0.,0.));
#2827=UNCERTAINTY_MEASURE_WITH_UNIT(LENGTH_MEASURE(0.01),#2833,
'DISTANCE_ACCURACY_VALUE',
'Maximum model space distance between geometric entities at asserted c
onnectivities');
#2828=UNCERTAINTY_MEASURE_WITH_UNIT(LENGTH_MEASURE(0.01),#2833,
'DISTANCE_ACCURACY_VALUE',
'Maximum model space distance between geometric entities at asserted c
onnectivities');
#2829=UNCERTAINTY_MEASURE_WITH_UNIT(LENGTH_MEASURE(0.01),#2833,
'DISTANCE_ACCURACY_VALUE',
'Maximum model space distance between geometric entities at asserted c
onnectivities');
#2830=(
GEOMETRIC_REPRESENTATION_CONTEXT(3)
GLOBAL_UNCERTAINTY_ASSIGNED_CONTEXT((#2827))
GLOBAL_UNIT_ASSIGNED_CONTEXT((#2833,#2835,#2836))
REPRESENTATION_CONTEXT('','3D')
);
#2831=(
GEOMETRIC_REPRESENTATION_CONTEXT(3)
GLOBAL_UNCERTAINTY_ASSIGNED_CONTEXT((#2828))
GLOBAL_UNIT_ASSIGNED_CONTEXT((#2833,#2835,#2836))
REPRESENTATION_CONTEXT('','3D')
);
#2832=(
GEOMETRIC_REPRESENTATION_CONTEXT(3)
GLOBAL_UNCERTAINTY_ASSIGNED_CONTEXT((#2829))
GLOBAL_UNIT_ASSIGNED_CONTEXT((#2833,#2835,#2836))
REPRESENTATION_CONTEXT('','3D')
);
#2833=(
LENGTH_UNIT()
NAMED_UNIT(*)
SI_UNIT(.MILLI.,.METRE.)
);
#2834=(
LENGTH_UNIT()
NAMED_UNIT(*)
SI_UNIT($,.METRE.)
);
#2835=(
NAMED_UNIT(*)
PLANE_ANGLE_UNIT()
SI_UNIT($,.RADIAN.)
);
#2836=(
NAMED_UNIT(*)
SI_UNIT($,.STERADIAN.)
SOLID_ANGLE_UNIT()
);
#2837=SHAPE_DEFINITION_REPRESENTATION(#2839,#2842);
#2838=SHAPE_DEFINITION_REPRESENTATION(#2840,#2843);
#2839=PRODUCT_DEFINITION_SHAPE('',$,#2845);
#2840=PRODUCT_DEFINITION_SHAPE('',$,#2846);
#2841=PRODUCT_DEFINITION_SHAPE($,$,#14);
#2842=SHAPE_REPRESENTATION('',(#1679,#1844),#2830);
#2843=SHAPE_REPRESENTATION('',(#1680),#2831);
#2844=PRODUCT_DEFINITION_CONTEXT('part definition',#2852,'design');
#2845=PRODUCT_DEFINITION('AirCube 1','AirCube',#2847,#2844);
#2846=PRODUCT_DEFINITION('top diffuser 20mm','top diffuser 20mm - prod',
#2848,#2844);
#2847=PRODUCT_DEFINITION_FORMATION('',$,#2854);
#2848=PRODUCT_DEFINITION_FORMATION('',$,#2855);
#2849=PRODUCT_RELATED_PRODUCT_CATEGORY('AirCube','AirCube',(#2854));
#2850=PRODUCT_RELATED_PRODUCT_CATEGORY('top diffuser 20mm - prod',
'top diffuser 20mm - prod',(#2855));
#2851=APPLICATION_PROTOCOL_DEFINITION('international standard',
'automotive_design',2009,#2852);
#2852=APPLICATION_CONTEXT(
'Core Data for Automotive Mechanical Design Process');
#2853=PRODUCT_CONTEXT('part definition',#2852,'mechanical');
#2854=PRODUCT('AirCube 1','AirCube','KiCad electronic assembly',(#2853));
#2855=PRODUCT('top diffuser 20mm','top diffuser 20mm - prod',$,(#2853));
#2856=PRESENTATION_STYLE_ASSIGNMENT((#2863));
#2857=PRESENTATION_STYLE_ASSIGNMENT((#2864));
#2858=PRESENTATION_STYLE_ASSIGNMENT((#2865));
#2859=PRESENTATION_STYLE_ASSIGNMENT((#2866));
#2860=PRESENTATION_STYLE_ASSIGNMENT((#2867));
#2861=PRESENTATION_STYLE_ASSIGNMENT((#2868));
#2862=PRESENTATION_STYLE_ASSIGNMENT((#2869));
#2863=SURFACE_STYLE_USAGE(.BOTH.,#2870);
#2864=SURFACE_STYLE_USAGE(.BOTH.,#2871);
#2865=SURFACE_STYLE_USAGE(.BOTH.,#2872);
#2866=SURFACE_STYLE_USAGE(.BOTH.,#2873);
#2867=SURFACE_STYLE_USAGE(.BOTH.,#2874);
#2868=SURFACE_STYLE_USAGE(.BOTH.,#2875);
#2869=SURFACE_STYLE_USAGE(.BOTH.,#2876);
#2870=SURFACE_SIDE_STYLE('',(#2877));
#2871=SURFACE_SIDE_STYLE('',(#2878));
#2872=SURFACE_SIDE_STYLE('',(#2879));
#2873=SURFACE_SIDE_STYLE('',(#2880));
#2874=SURFACE_SIDE_STYLE('',(#2881));
#2875=SURFACE_SIDE_STYLE('',(#2882));
#2876=SURFACE_SIDE_STYLE('',(#2883));
#2877=SURFACE_STYLE_FILL_AREA(#2884);
#2878=SURFACE_STYLE_FILL_AREA(#2885);
#2879=SURFACE_STYLE_FILL_AREA(#2886);
#2880=SURFACE_STYLE_FILL_AREA(#2887);
#2881=SURFACE_STYLE_FILL_AREA(#2888);
#2882=SURFACE_STYLE_FILL_AREA(#2889);
#2883=SURFACE_STYLE_FILL_AREA(#2890);
#2884=FILL_AREA_STYLE('Steel - Satin',(#2891));
#2885=FILL_AREA_STYLE('Paint - Enamel Glossy (Red)',(#2892));
#2886=FILL_AREA_STYLE('Opaque(202,209,238)',(#2893));
#2887=FILL_AREA_STYLE('Opaque(0,128,0)',(#2894));
#2888=FILL_AREA_STYLE('Opaque(192,192,192)',(#2895));
#2889=FILL_AREA_STYLE('Opaque(224,181,50)',(#2896));
#2890=FILL_AREA_STYLE('Opaque(210,209,199)',(#2897));
#2891=FILL_AREA_STYLE_COLOUR('Steel - Satin',#2898);
#2892=FILL_AREA_STYLE_COLOUR('Paint - Enamel Glossy (Red)',#2899);
#2893=FILL_AREA_STYLE_COLOUR('Opaque(202,209,238)',#2900);
#2894=FILL_AREA_STYLE_COLOUR('Opaque(0,128,0)',#2901);
#2895=FILL_AREA_STYLE_COLOUR('Opaque(192,192,192)',#2902);
#2896=FILL_AREA_STYLE_COLOUR('Opaque(224,181,50)',#2903);
#2897=FILL_AREA_STYLE_COLOUR('Opaque(210,209,199)',#2904);
#2898=COLOUR_RGB('Steel - Satin',0.627450980392157,0.627450980392157,0.627450980392157);
#2899=COLOUR_RGB('Paint - Enamel Glossy (Red)',0.768627450980392,0.207843137254902,
0.152941176470588);
#2900=COLOUR_RGB('Opaque(202,209,238)',0.792156862745098,0.819607843137255,
0.933333333333333);
#2901=COLOUR_RGB('Opaque(0,128,0)',0.,0.501960784313725,0.);
#2902=COLOUR_RGB('Opaque(192,192,192)',0.752941176470588,0.752941176470588,
0.752941176470588);
#2903=COLOUR_RGB('Opaque(224,181,50)',0.87843137254902,0.709803921568627,
0.196078431372549);
#2904=COLOUR_RGB('Opaque(210,209,199)',0.823529411764706,0.819607843137255,
0.780392156862745);
ENDSEC;
END-ISO-10303-21;
